,number,name,type1,type2,region,stage
0,1,Bulbasaur,Grass,Poison,Kanto,1
1,2,Ivysaur,Grass,Poison,Kanto,2
2,3,Venusaur,Grass,Poison,Kanto,3
3,4,Charmander,Fire,,Kanto,1
4,5,Charmeleon,Fire,,Kanto,2
5,6,Charizard,Fire,Flying,Kanto,3
6,7,Squirtle,Water,,Kanto,1
7,8,Wartortle,Water,,Kanto,2
8,9,Blastoise,Water,,Kanto,3
9,10,Caterpie,Bug,,Kanto,1
10,11,Metapod,Bug,,Kanto,2
11,12,Butterfree,Bug,Flying,Kanto,3
12,13,Weedle,Bug,Poison,Kanto,1
13,14,Kakuna,Bug,Poison,Kanto,2
14,15,Beedrill,Bug,Poison,Kanto,3
15,16,Pidgey,Normal,Flying,Kanto,1
16,17,Pidgeotto,Normal,Flying,Kanto,2
17,18,Pidgeot,Normal,Flying,Kanto,3
18,19,Rattata,Normal,,Kanto,1
19,20,Raticate,Normal,,Kanto,2
20,21,Spearow,Normal,Flying,Kanto,1
21,22,Fearow,Normal,Flying,Kanto,2
22,23,Ekans,Poison,,Kanto,1
23,24,Arbok,Poison,,Kanto,2
24,25,Pikachu,Electric,,Kanto,2
25,26,Raichu,Electric,,Kanto,2
26,27,Sandshrew,Ground,,Kanto,1
27,28,Sandslash,Ground,,Kanto,2
28,29,Nidoran♀,Poison,,Kanto,1
29,30,Nidorina,Poison,,Kanto,2
30,31,Nidoqueen,Poison,Ground,Kanto,3
31,32,Nidoran♂,Poison,,Kanto,1
32,33,Nidorino,Poison,,Kanto,2
33,34,Nidoking,Poison,Ground,Kanto,3
34,35,Clefairy,Fairy,,Kanto,2
35,36,Clefable,Fairy,,Kanto,2
36,37,Vulpix,Fire,,Kanto,1
37,38,Ninetales,Fire,,Kanto,2
38,39,Jigglypuff,Normal,Fairy,Kanto,2
39,40,Wigglytuff,Normal,Fairy,Kanto,2
40,41,Zubat,Poison,Flying,Kanto,1
41,42,Golbat,Poison,Flying,Kanto,2
42,43,Oddish,Grass,Poison,Kanto,1
43,44,Gloom,Grass,Poison,Kanto,2
44,45,Vileplume,Grass,Poison,Kanto,3
45,46,Paras,Bug,Grass,Kanto,1
46,47,Parasect,Bug,Grass,Kanto,2
47,48,Venonat,Bug,Poison,Kanto,1
48,49,Venomoth,Bug,Poison,Kanto,2
49,50,Diglett,Ground,,Kanto,1
50,51,Dugtrio,Ground,,Kanto,2
51,52,Meowth,Normal,,Kanto,1
52,53,Persian,Normal,,Kanto,2
53,54,Psyduck,Water,,Kanto,1
54,55,Golduck,Water,,Kanto,2
55,56,Mankey,Fighting,,Kanto,1
56,57,Primeape,Fighting,,Kanto,2
57,58,Growlithe,Fire,,Kanto,1
58,59,Arcanine,Fire,,Kanto,2
59,60,Poliwag,Water,,Kanto,1
60,61,Poliwhirl,Water,,Kanto,2
61,62,Poliwrath,Water,Fighting,Kanto,3
62,63,Abra,Psychic,,Kanto,1
63,64,Kadabra,Psychic,,Kanto,2
64,65,Alakazam,Psychic,,Kanto,3
65,66,Machop,Fighting,,Kanto,1
66,67,Machoke,Fighting,,Kanto,2
67,68,Machamp,Fighting,,Kanto,3
68,69,Bellsprout,Grass,Poison,Kanto,1
69,70,Weepinbell,Grass,Poison,Kanto,2
70,71,Victreebel,Grass,Poison,Kanto,3
71,72,Tentacool,Water,Poison,Kanto,1
72,73,Tentacruel,Water,Poison,Kanto,2
73,74,Geodude,Rock,Ground,Kanto,1
74,75,Graveler,Rock,Ground,Kanto,2
75,76,Golem,Rock,Ground,Kanto,3
76,77,Ponyta,Fire,,Kanto,1
77,78,Rapidash,Fire,,Kanto,2
78,79,Slowpoke,Water,Psychic,Kanto,1
79,80,Slowbro,Water,Psychic,Kanto,2
80,81,Magnemite,Electric,Steel,Kanto,1
81,82,Magneton,Electric,Steel,Kanto,2
82,83,Farfetch'd,Normal,Flying,Kanto,1
83,84,Doduo,Normal,Flying,Kanto,1
84,85,Dodrio,Normal,Flying,Kanto,2
85,86,Seel,Water,,Kanto,1
86,87,Dewgong,Water,Ice,Kanto,2
87,88,Grimer,Poison,,Kanto,1
88,89,Muk,Poison,,Kanto,2
89,90,Shellder,Water,,Kanto,1
90,91,Cloyster,Water,Ice,Kanto,2
91,92,Gastly,Ghost,Poison,Kanto,1
92,93,Haunter,Ghost,Poison,Kanto,2
93,94,Gengar,Ghost,Poison,Kanto,3
94,95,Onix,Rock,Ground,Kanto,1
95,96,Drowzee,Psychic,,Kanto,1
96,97,Hypno,Psychic,,Kanto,2
97,98,Krabby,Water,,Kanto,1
98,99,Kingler,Water,,Kanto,2
99,100,Voltorb,Electric,,Kanto,1
100,101,Electrode,Electric,,Kanto,2
101,102,Exeggcute,Grass,Psychic,Kanto,1
102,103,Exeggutor,Grass,Psychic,Kanto,2
103,104,Cubone,Ground,,Kanto,1
104,105,Marowak,Ground,,Kanto,2
105,106,Hitmonlee,Fighting,,Kanto,2
106,107,Hitmonchan,Fighting,,Kanto,2
107,108,Lickitung,Normal,,Kanto,1
108,109,Koffing,Poison,,Kanto,1
109,110,Weezing,Poison,,Kanto,1
110,111,Rhyhorn,Ground,Rock,Kanto,2
111,112,Rhydon,Ground,Rock,Kanto,1
112,113,Chansey,Normal,,Kanto,1
113,114,Tangela,Grass,,Kanto,1
114,115,Kangaskhan,Normal,,Kanto,1
115,116,Horsea,Water,,Kanto,1
116,117,Seadra,Water,,Kanto,2
117,118,Goldeen,Water,,Kanto,1
118,119,Seaking,Water,,Kanto,2
119,120,Staryu,Water,,Kanto,1
120,121,Starmie,Water,Psychic,Kanto,2
121,122,Mr. Mime,Psychic,Fairy,Kanto,2
122,123,Scyther,Bug,Flying,Kanto,1
123,124,Jynx,Ice,Psychic,Kanto,2
124,125,Electabuzz,Electric,,Kanto,2
125,126,Magmar,Fire,,Kanto,2
126,127,Pinsir,Bug,,Kanto,1
127,128,Tauros,Normal,,Kanto,1
128,129,Magikarp,Water,,Kanto,1
129,130,Gyarados,Water,Flying,Kanto,2
130,131,Lapras,Water,Ice,Kanto,1
131,132,Ditto,Normal,,Kanto,1
132,133,Eevee,Normal,,Kanto,1
133,134,Vaporeon,Water,,Kanto,2
134,135,Jolteon,Electric,,Kanto,2
135,136,Flareon,Fire,,Kanto,2
136,137,Porygon,Normal,,Kanto,1
137,138,Omanyte,Rock,Water,Kanto,1
138,139,Omastar,Rock,Water,Kanto,2
139,140,Kabuto,Rock,Water,Kanto,1
140,141,Kabutops,Rock,Water,Kanto,2
141,142,Aerodactyl,Rock,Flying,Kanto,1
142,143,Snorlax,Normal,,Kanto,2
143,144,Articuno,Ice,Flying,Kanto,1
144,145,Zapdos,Electric,Flying,Kanto,1
145,146,Moltres,Fire,Flying,Kanto,1
146,147,Dratini,Dragon,,Kanto,1
147,148,Dragonair,Dragon,,Kanto,2
148,149,Dragonite,Dragon,Flying,Kanto,3
149,150,Mewtwo,Psychic,,Kanto,1
150,151,Mew,Psychic,,Kanto,1
151,152,Chikorita,Grass,,Johto,1
152,153,Bayleef,Grass,,Johto,2
153,154,Meganium,Grass,,Johto,3
154,155,Cyndaquil,Fire,,Johto,1
155,156,Quilava,Fire,,Johto,2
156,157,Typhlosion,Fire,,Johto,3
157,158,Totodile,Water,,Johto,1
158,159,Croconaw,Water,,Johto,2
159,160,Feraligatr,Water,,Johto,3
160,161,Sentret,Normal,,Johto,1
161,162,Furret,Normal,,Johto,2
162,163,Hoothoot,Normal,Flying,Johto,1
163,164,Noctowl,Normal,Flying,Johto,2
164,165,Ledyba,Bug,Flying,Johto,1
165,166,Ledian,Bug,Flying,Johto,2
166,167,Spinarak,Bug,Poison,Johto,1
167,168,Ariados,Bug,Poison,Johto,2
168,169,Crobat,Poison,Flying,Johto,3
169,170,Chinchou,Water,Electric,Johto,1
170,171,Lanturn,Water,Electric,Johto,2
171,172,Pichu,Electric,,Johto,1
172,173,Cleffa,Fairy,,Johto,1
173,174,Igglybuff,Normal,Fairy,Johto,1
174,175,Togepi,Fairy,,Johto,1
175,176,Togetic,Fairy,Flying,Johto,2
176,177,Natu,Psychic,Flying,Johto,1
177,178,Xatu,Psychic,Flying,Johto,2
178,179,Mareep,Electric,,Johto,1
179,180,Flaaffy,Electric,,Johto,2
180,181,Ampharos,Electric,,Johto,3
181,182,Bellossom,Grass,,Johto,3
182,183,Marill,Water,Fairy,Johto,1
183,184,Azumarill,Water,Fairy,Johto,2
184,185,Sudowoodo,Rock,,Johto,2
185,186,Politoed,Water,,Johto,3
186,187,Hoppip,Grass,Flying,Johto,1
187,188,Skiploom,Grass,Flying,Johto,2
188,189,Jumpluff,Grass,Flying,Johto,3
189,190,Aipom,Normal,,Johto,1
190,191,Sunkern,Grass,,Johto,1
191,192,Sunflora,Grass,,Johto,2
192,193,Yanma,Bug,Flying,Johto,1
193,194,Wooper,Water,Ground,Johto,1
194,195,Quagsire,Water,Ground,Johto,2
195,196,Espeon,Psychic,,Johto,2
196,197,Umbreon,Dark,,Johto,2
197,198,Murkrow,Dark,Flying,Johto,1
198,199,Slowking,Water,Psychic,Johto,2
199,200,Misdreavus,Ghost,,Johto,1
200,201,Unown,Psychic,,Johto,1
201,202,Wobbuffet,Psychic,,Johto,2
202,203,Girafarig,Normal,Psychic,Johto,1
203,204,Pineco,Bug,,Johto,1
204,205,Forretress,Bug,Steel,Johto,2
205,206,Dunsparce,Normal,,Johto,1
206,207,Gligar,Ground,Flying,Johto,1
207,208,Steelix,Steel,Ground,Johto,2
208,209,Snubbull,Fairy,,Johto,1
209,210,Granbull,Fairy,,Johto,2
210,211,Qwilfish,Water,Poison,Johto,1
211,212,Scizor,Bug,Steel,Johto,2
212,213,Shuckle,Bug,Rock,Johto,1
213,214,Heracross,Bug,Fighting,Johto,1
214,215,Sneasel,Dark,Ice,Johto,1
215,216,Teddiursa,Normal,,Johto,1
216,217,Ursaring,Normal,,Johto,2
217,218,Slugma,Fire,,Johto,1
218,219,Magcargo,Fire,Rock,Johto,2
219,220,Swinub,Ice,Ground,Johto,1
220,221,Piloswine,Ice,Ground,Johto,2
221,222,Corsola,Water,Rock,Johto,1
222,223,Remoraid,Water,,Johto,1
223,224,Octillery,Water,,Johto,2
224,225,Delibird,Ice,Flying,Johto,1
225,226,Mantine,Water,Flying,Johto,2
226,227,Skarmory,Steel,Flying,Johto,1
227,228,Houndour,Dark,Fire,Johto,1
228,229,Houndoom,Dark,Fire,Johto,2
229,230,Kingdra,Water,Dragon,Johto,3
230,231,Phanpy,Ground,,Johto,1
231,232,Donphan,Ground,,Johto,2
232,233,Porygon2,Normal,,Johto,2
233,234,Stantler,Normal,,Johto,1
234,235,Smeargle,Normal,,Johto,1
235,236,Tyrogue,Fighting,,Johto,1
236,237,Hitmontop,Fighting,,Johto,2
237,238,Smoochum,Ice,Psychic,Johto,1
238,239,Elekid,Electric,,Johto,1
239,240,Magby,Fire,,Johto,1
240,241,Miltank,Normal,,Johto,1
241,242,Blissey,Normal,,Johto,2
242,243,Raikou,Electric,,Johto,1
243,244,Entei,Fire,,Johto,1
244,245,Suicune,Water,,Johto,1
245,246,Larvitar,Rock,Ground,Johto,1
246,247,Pupitar,Rock,Ground,Johto,2
247,248,Tyranitar,Rock,Dark,Johto,3
248,249,Lugia,Psychic,Flying,Johto,1
249,250,Ho-oh,Fire,Flying,Johto,1
250,251,Celebi,Psychic,Grass,Johto,1
251,252,Treecko,Grass,,Hoenn,1
252,253,Grovyle,Grass,,Hoenn,2
253,254,Sceptile,Grass,,Hoenn,3
254,255,Torchic,Fire,,Hoenn,1
255,256,Combusken,Fire,Fighting,Hoenn,2
256,257,Blaziken,Fire,Fighting,Hoenn,3
257,258,Mudkip,Water,,Hoenn,1
258,259,Marshtomp,Water,Ground,Hoenn,2
259,260,Swampert,Water,Ground,Hoenn,3
260,261,Poochyena,Dark,,Hoenn,1
261,262,Mightyena,Dark,,Hoenn,2
262,263,Zigzagoon,Normal,,Hoenn,1
263,264,Linoone,Normal,,Hoenn,2
264,265,Wurmple,Bug,,Hoenn,1
265,266,Silcoon,Bug,,Hoenn,2
266,267,Beautifly,Bug,Flying,Hoenn,3
267,268,Cascoon,Bug,,Hoenn,2
268,269,Dustox,Bug,Poison,Hoenn,3
269,270,Lotad,Water,Grass,Hoenn,1
270,271,Lombre,Water,Grass,Hoenn,2
271,272,Ludicolo,Water,Grass,Hoenn,3
272,273,Seedot,Grass,,Hoenn,1
273,274,Nuzleaf,Grass,Dark,Hoenn,2
274,275,Shiftry,Grass,Dark,Hoenn,3
275,276,Taillow,Normal,Flying,Hoenn,1
276,277,Swellow,Normal,Flying,Hoenn,2
277,278,Wingull,Water,Flying,Hoenn,1
278,279,Pelipper,Water,Flying,Hoenn,2
279,280,Ralts,Psychic,Fairy,Hoenn,1
280,281,Kirlia,Psychic,Fairy,Hoenn,2
281,282,Gardevoir,Psychic,Fairy,Hoenn,3
282,283,Surskit,Bug,Water,Hoenn,1
283,284,Masquerain,Bug,Flying,Hoenn,2
284,285,Shroomish,Grass,,Hoenn,1
285,286,Breloom,Grass,Fighting,Hoenn,2
286,287,Slakoth,Normal,,Hoenn,1
287,288,Vigoroth,Normal,,Hoenn,2
288,289,Slaking,Normal,,Hoenn,3
289,290,Nincada,Bug,Ground,Hoenn,1
290,291,Ninjask,Bug,Flying,Hoenn,2
291,292,Shedinja,Bug,Ghost,Hoenn,2
292,293,Whismur,Normal,,Hoenn,1
293,294,Loudred,Normal,,Hoenn,2
294,295,Exploud,Normal,,Hoenn,3
295,296,Makuhita,Fighting,,Hoenn,1
296,297,Hariyama,Fighting,,Hoenn,2
297,298,Azurill,Normal,Fairy,Hoenn,1
298,299,Nosepass,Rock,,Hoenn,1
299,300,Skitty,Normal,,Hoenn,1
300,301,Delcatty,Normal,,Hoenn,2
301,302,Sableye,Dark,Ghost,Hoenn,1
302,303,Mawile,Steel,Fairy,Hoenn,1
303,304,Aron,Steel,Rock,Hoenn,1
304,305,Lairon,Steel,Rock,Hoenn,2
305,306,Aggron,Steel,Rock,Hoenn,3
306,307,Meditite,Fighting,Psychic,Hoenn,1
307,308,Medicham,Fighting,Psychic,Hoenn,2
308,309,Electrike,Electric,,Hoenn,1
309,310,Manectric,Electric,,Hoenn,2
310,311,Plusle,Electric,,Hoenn,1
311,312,Minun,Electric,,Hoenn,1
312,313,Volbeat,Bug,,Hoenn,1
313,314,Illumise,Bug,,Hoenn,1
314,315,Roselia,Grass,Poison,Hoenn,2
315,316,Gulpin,Poison,,Hoenn,1
316,317,Swalot,Poison,,Hoenn,2
317,318,Carvanha,Water,Dark,Hoenn,1
318,319,Sharpedo,Water,Dark,Hoenn,2
319,320,Wailmer,Water,,Hoenn,1
320,321,Wailord,Water,,Hoenn,2
321,322,Numel,Fire,Ground,Hoenn,1
322,323,Camerupt,Fire,Ground,Hoenn,2
323,324,Torkoal,Fire,,Hoenn,1
324,325,Spoink,Psychic,,Hoenn,1
325,326,Grumpig,Psychic,,Hoenn,2
326,327,Spinda,Normal,,Hoenn,1
327,328,Trapinch,Ground,,Hoenn,1
328,329,Vibrava,Ground,Dragon,Hoenn,2
329,330,Flygon,Ground,Dragon,Hoenn,3
330,331,Cacnea,Grass,,Hoenn,1
331,332,Cacturne,Grass,Dark,Hoenn,2
332,333,Swablu,Normal,Flying,Hoenn,1
333,334,Altaria,Dragon,Flying,Hoenn,2
334,335,Zangoose,Normal,,Hoenn,1
335,336,Seviper,Poison,,Hoenn,1
336,337,Lunatone,Rock,Psychic,Hoenn,1
337,338,Solrock,Rock,Psychic,Hoenn,1
338,339,Barboach,Water,Ground,Hoenn,1
339,340,Whiscash,Water,Ground,Hoenn,2
340,341,Corphish,Water,,Hoenn,1
341,342,Crawdaunt,Water,Dark,Hoenn,2
342,343,Baltoy,Ground,Psychic,Hoenn,1
343,344,Claydol,Ground,Psychic,Hoenn,2
344,345,Lileep,Rock,Grass,Hoenn,1
345,346,Cradily,Rock,Grass,Hoenn,2
346,347,Anorith,Rock,Bug,Hoenn,1
347,348,Armaldo,Rock,Bug,Hoenn,2
348,349,Feebas,Water,,Hoenn,1
349,350,Milotic,Water,,Hoenn,2
350,351,Castform,Normal,,Hoenn,1
351,352,Kecleon,Normal,,Hoenn,1
352,353,Shuppet,Ghost,,Hoenn,1
353,354,Banette,Ghost,,Hoenn,2
354,355,Duskull,Ghost,,Hoenn,1
355,356,Dusclops,Ghost,,Hoenn,2
356,357,Tropius,Grass,Flying,Hoenn,1
357,358,Chimecho,Psychic,,Hoenn,2
358,359,Absol,Dark,,Hoenn,1
359,360,Wynaut,Psychic,,Hoenn,1
360,361,Snorunt,Ice,,Hoenn,1
361,362,Glalie,Ice,,Hoenn,2
362,363,Spheal,Ice,Water,Hoenn,1
363,364,Sealeo,Ice,Water,Hoenn,2
364,365,Walrein,Ice,Water,Hoenn,3
365,366,Clamperl,Water,,Hoenn,1
366,367,Huntail,Water,,Hoenn,2
367,368,Gorebyss,Water,,Hoenn,2
368,369,Relicanth,Water,Rock,Hoenn,1
369,370,Luvdisc,Water,,Hoenn,1
370,371,Bagon,Dragon,,Hoenn,1
371,372,Shelgon,Dragon,,Hoenn,2
372,373,Salamence,Dragon,Flying,Hoenn,3
373,374,Beldum,Steel,Psychic,Hoenn,1
374,375,Metang,Steel,Psychic,Hoenn,2
375,376,Metagross,Steel,Psychic,Hoenn,3
376,377,Regirock,Rock,,Hoenn,1
377,378,Regice,Ice,,Hoenn,1
378,379,Registeel,Steel,,Hoenn,1
379,380,Latias,Dragon,Psychic,Hoenn,1
380,381,Latios,Dragon,Psychic,Hoenn,1
381,382,Kyogre,Water,,Hoenn,1
382,383,Groudon,Ground,,Hoenn,1
383,384,Rayquaza,Dragon,Flying,Hoenn,1
384,385,Jirachi,Steel,Psychic,Hoenn,1
385,386,Deoxys,Psychic,,Hoenn,1
386,387,Turtwig,Grass,,Sinnoh,1
387,388,Grotle,Grass,,Sinnoh,2
388,389,Torterra,Grass,Ground,Sinnoh,3
389,390,Chimchar,Fire,,Sinnoh,1
390,391,Monferno,Fire,Fighting,Sinnoh,2
391,392,Infernape,Fire,Fighting,Sinnoh,3
392,393,Piplup,Water,,Sinnoh,1
393,394,Prinplup,Water,,Sinnoh,2
394,395,Empoleon,Water,Steel,Sinnoh,3
395,396,Starly,Normal,Flying,Sinnoh,1
396,397,Staravia,Normal,Flying,Sinnoh,2
397,398,Staraptor,Normal,Flying,Sinnoh,3
398,399,Bidoof,Normal,,Sinnoh,1
399,400,Bibarel,Normal,Water,Sinnoh,2
400,401,Kricketot,Bug,,Sinnoh,1
401,402,Kricketune,Bug,,Sinnoh,2
402,403,Shinx,Electric,,Sinnoh,1
403,404,Luxio,Electric,,Sinnoh,2
404,405,Luxray,Electric,,Sinnoh,3
405,406,Budew,Grass,Poison,Sinnoh,1
406,407,Roserade,Grass,Poison,Sinnoh,2
407,408,Cranidos,Rock,,Sinnoh,1
408,409,Rampardos,Rock,,Sinnoh,2
409,410,Shieldon,Rock,Steel,Sinnoh,1
410,411,Bastiodon,Rock,Steel,Sinnoh,2
411,412,Burmy,Bug,,Sinnoh,1
412,413,Wormadam,Bug,Grass,Sinnoh,2
413,414,Mothim,Bug,Flying,Sinnoh,2
414,415,Combee,Bug,Flying,Sinnoh,1
415,416,Vespiquen,Bug,Flying,Sinnoh,2
416,417,Pachirisu,Electric,,Sinnoh,1
417,418,Buizel,Water,,Sinnoh,1
418,419,Floatzel,Water,,Sinnoh,2
419,420,Cherubi,Grass,,Sinnoh,1
420,421,Cherrim,Grass,,Sinnoh,2
421,422,Shellos,Water,,Sinnoh,1
422,423,Gastrodon,Water,Ground,Sinnoh,2
423,424,Ambipom,Normal,,Sinnoh,2
424,425,Drifloon,Ghost,Flying,Sinnoh,1
425,426,Drifblim,Ghost,Flying,Sinnoh,2
426,427,Buneary,Normal,,Sinnoh,1
427,428,Lopunny,Normal,,Sinnoh,2
428,429,Mismagius,Ghost,,Sinnoh,2
429,430,Honchkrow,Dark,Flying,Sinnoh,2
430,431,Glameow,Normal,,Sinnoh,1
431,432,Purugly,Normal,,Sinnoh,2
432,433,Chingling,Psychic,,Sinnoh,1
433,434,Stunky,Poison,Dark,Sinnoh,1
434,435,Skuntank,Poison,Dark,Sinnoh,2
435,436,Bronzor,Steel,Psychic,Sinnoh,1
436,437,Bronzong,Steel,Psychic,Sinnoh,2
437,438,Bonsly,Rock,,Sinnoh,1
438,439,Mime Jr.,Psychic,Fairy,Sinnoh,1
439,440,Happiny,Normal,,Sinnoh,1
440,441,Chatot,Normal,Flying,Sinnoh,1
441,442,Spiritomb,Ghost,Dark,Sinnoh,1
442,443,Gible,Dragon,Ground,Sinnoh,1
443,444,Gabite,Dragon,Ground,Sinnoh,2
444,445,Garchomp,Dragon,Ground,Sinnoh,3
445,446,Munchlax,Normal,,Sinnoh,1
446,447,Riolu,Fighting,,Sinnoh,1
447,448,Lucario,Fighting,Steel,Sinnoh,2
448,449,Hippopotas,Ground,,Sinnoh,1
449,450,Hippowdon,Ground,,Sinnoh,2
450,451,Skorupi,Poison,Bug,Sinnoh,1
451,452,Drapion,Poison,Dark,Sinnoh,2
452,453,Croagunk,Poison,Fighting,Sinnoh,1
453,454,Toxicroak,Poison,Fighting,Sinnoh,2
454,455,Carnivine,Grass,,Sinnoh,1
455,456,Finneon,Water,,Sinnoh,1
456,457,Lumineon,Water,,Sinnoh,2
457,458,Mantyke,Water,Flying,Sinnoh,1
458,459,Snover,Grass,Ice,Sinnoh,1
459,460,Abomasnow,Grass,Ice,Sinnoh,2
460,461,Weavile,Dark,Ice,Sinnoh,2
461,462,Magnezone,Electric,Steel,Sinnoh,3
462,463,Lickilicky,Normal,,Sinnoh,2
463,464,Rhyperior,Ground,Rock,Sinnoh,1
464,465,Tangrowth,Grass,,Sinnoh,2
465,466,Electivire,Electric,,Sinnoh,2
466,467,Magmortar,Fire,,Sinnoh,2
467,468,Togekiss,Fairy,Flying,Sinnoh,3
468,469,Yanmega,Bug,Flying,Sinnoh,2
469,470,Leafeon,Grass,,Sinnoh,2
470,471,Glaceon,Ice,,Sinnoh,2
471,472,Gliscor,Ground,Flying,Sinnoh,2
472,473,Mamoswine,Ice,Ground,Sinnoh,3
473,474,Porygon-Z,Normal,,Sinnoh,3
474,475,Gallade,Psychic,Fighting,Sinnoh,3
475,476,Probopass,Rock,Steel,Sinnoh,2
476,477,Dusknoir,Ghost,,Sinnoh,3
477,478,Froslass,Ice,Ghost,Sinnoh,2
478,479,Rotom,Electric,Ghost,Sinnoh,1
479,480,Uxie,Psychic,,Sinnoh,1
480,481,Mesprit,Psychic,,Sinnoh,1
481,482,Azelf,Psychic,,Sinnoh,1
482,483,Dialga,Steel,Dragon,Sinnoh,1
483,484,Palkia,Water,Dragon,Sinnoh,1
484,485,Heatran,Fire,Steel,Sinnoh,1
485,486,Regigigas,Normal,,Sinnoh,1
486,487,Giratina,Ghost,Dragon,Sinnoh,1
487,488,Cresselia,Psychic,,Sinnoh,1
488,489,Phione,Water,,Sinnoh,1
489,490,Manaphy,Water,,Sinnoh,1
490,491,Darkrai,Dark,,Sinnoh,1
491,492,Shaymin,Grass,,Sinnoh,1
492,493,Arceus,Normal,,Sinnoh,1
493,494,Victini,Psychic,Fire,Unova,1
494,495,Snivy,Grass,,Unova,1
495,496,Servine,Grass,,Unova,2
496,497,Serperior,Grass,,Unova,3
497,498,Tepig,Fire,,Unova,1
498,499,Pignite,Fire,Fighting,Unova,2
499,500,Emboar,Fire,Fighting,Unova,3
500,501,Oshawott,Water,,Unova,1
501,502,Dewott,Water,,Unova,2
502,503,Samurott,Water,,Unova,3
503,504,Patrat,Normal,,Unova,1
504,505,Watchog,Normal,,Unova,2
505,506,Lillipup,Normal,,Unova,1
506,507,Herdier,Normal,,Unova,2
507,508,Stoutland,Normal,,Unova,3
508,509,Purrloin,Dark,,Unova,1
509,510,Liepard,Dark,,Unova,2
510,511,Pansage,Grass,,Unova,1
511,512,Simisage,Grass,,Unova,2
512,513,Pansear,Fire,,Unova,1
513,514,Simisear,Fire,,Unova,2
514,515,Panpour,Water,,Unova,1
515,516,Simipour,Water,,Unova,2
516,517,Munna,Psychic,,Unova,1
517,518,Musharna,Psychic,,Unova,2
518,519,Pidove,Normal,Flying,Unova,1
519,520,Tranquill,Normal,Flying,Unova,2
520,521,Unfezant,Normal,Flying,Unova,3
521,522,Blitzle,Electric,,Unova,1
522,523,Zebstrika,Electric,,Unova,2
523,524,Roggenrola,Rock,,Unova,1
524,525,Boldore,Rock,,Unova,2
525,526,Gigalith,Rock,,Unova,3
526,527,Woobat,Psychic,Flying,Unova,1
527,528,Swoobat,Psychic,Flying,Unova,2
528,529,Drilbur,Ground,,Unova,1
529,530,Excadrill,Ground,Steel,Unova,2
530,531,Audino,Normal,,Unova,1
531,532,Timburr,Fighting,,Unova,1
532,533,Gurdurr,Fighting,,Unova,2
533,534,Conkeldurr,Fighting,,Unova,3
534,535,Tympole,Water,,Unova,1
535,536,Palpitoad,Water,Ground,Unova,2
536,537,Seismitoad,Water,Ground,Unova,3
537,538,Throh,Fighting,,Unova,1
538,539,Sawk,Fighting,,Unova,1
539,540,Sewaddle,Bug,Grass,Unova,1
540,541,Swadloon,Bug,Grass,Unova,2
541,542,Leavanny,Bug,Grass,Unova,3
542,543,Venipede,Bug,Poison,Unova,1
543,544,Whirlipede,Bug,Poison,Unova,2
544,545,Scolipede,Bug,Poison,Unova,1
545,546,Cottonee,Grass,Fairy,Unova,1
546,547,Whimsicott,Grass,Fairy,Unova,2
547,548,Petilil,Grass,,Unova,1
548,549,Lilligant,Grass,,Unova,2
549,550,Basculin,Water,,Unova,1
550,551,Sandile,Ground,Dark,Unova,1
551,552,Krokorok,Ground,Dark,Unova,2
552,553,Krookodile,Ground,Dark,Unova,3
553,554,Darumaka,Fire,,Unova,1
554,555,Darmanitan,Fire,,Unova,2
555,556,Maractus,Grass,,Unova,1
556,557,Dwebble,Bug,Rock,Unova,1
557,558,Crustle,Bug,Rock,Unova,2
558,559,Scraggy,Dark,Fighting,Unova,1
559,560,Scrafty,Dark,Fighting,Unova,2
560,561,Sigilyph,Psychic,Flying,Unova,1
561,562,Yamask,Ghost,,Unova,1
562,563,Cofagrigus,Ghost,,Unova,2
563,564,Tirtouga,Water,Rock,Unova,1
564,565,Carracosta,Water,Rock,Unova,2
565,566,Archen,Rock,Flying,Unova,1
566,567,Archeops,Rock,Flying,Unova,2
567,568,Trubbish,Poison,,Unova,1
568,569,Garbodor,Poison,,Unova,2
569,570,Zorua,Dark,,Unova,1
570,571,Zoroark,Dark,,Unova,2
571,572,Minccino,Normal,,Unova,1
572,573,Cinccino,Normal,,Unova,1
573,574,Gothita,Psychic,,Unova,1
574,575,Gothorita,Psychic,,Unova,2
575,576,Gothitelle,Psychic,,Unova,3
576,577,Solosis,Psychic,,Unova,1
577,578,Duosion,Psychic,,Unova,2
578,579,Reuniclus,Psychic,,Unova,3
579,580,Ducklett,Water,Flying,Unova,1
580,581,Swanna,Water,Flying,Unova,2
581,582,Vanillite,Ice,,Unova,1
582,583,Vanillish,Ice,,Unova,2
583,584,Vanilluxe,Ice,,Unova,3
584,585,Deerling,Normal,Grass,Unova,1
585,586,Sawsbuck,Normal,Grass,Unova,2
586,587,Emolga,Electric,Flying,Unova,1
587,588,Karrablast,Bug,,Unova,1
588,589,Escavalier,Bug,Steel,Unova,2
589,590,Foongus,Grass,Poison,Unova,1
590,591,Amoonguss,Grass,Poison,Unova,2
591,592,Frillish,Water,Ghost,Unova,1
592,593,Jellicent,Water,Ghost,Unova,2
593,594,Alomomola,Water,,Unova,1
594,595,Joltik,Bug,Electric,Unova,1
595,596,Galvantula,Bug,Electric,Unova,2
596,597,Ferroseed,Grass,Steel,Unova,1
597,598,Ferrothorn,Grass,Steel,Unova,2
598,599,Klink,Steel,,Unova,1
599,600,Klang,Steel,,Unova,2
600,601,Klinklang,Steel,,Unova,3
601,602,Tynamo,Electric,,Unova,1
602,603,Eelektrik,Electric,,Unova,2
603,604,Eelektross,Electric,,Unova,1
604,605,Elgyem,Psychic,,Unova,1
605,606,Beheeyem,Psychic,,Unova,2
606,607,Litwick,Ghost,Fire,Unova,1
607,608,Lampent,Ghost,Fire,Unova,2
608,609,Chandelure,Ghost,Fire,Unova,3
609,610,Axew,Dragon,,Unova,1
610,611,Fraxure,Dragon,,Unova,2
611,612,Haxorus,Dragon,,Unova,3
612,613,Cubchoo,Ice,,Unova,1
613,614,Beartic,Ice,,Unova,2
614,615,Cryogonal,Ice,,Unova,1
615,616,Shelmet,Bug,,Unova,1
616,617,Accelgor,Bug,,Unova,2
617,618,Stunfisk,Ground,Electric,Unova,1
618,619,Mienfoo,Fighting,,Unova,1
619,620,Mienshao,Fighting,,Unova,2
620,621,Druddigon,Dragon,,Unova,1
621,622,Golett,Ground,Ghost,Unova,1
622,623,Golurk,Ground,Ghost,Unova,1
623,624,Pawniard,Dark,Steel,Unova,1
624,625,Bisharp,Dark,Steel,Unova,2
625,626,Bouffalant,Normal,,Unova,1
626,627,Rufflet,Normal,Flying,Unova,1
627,628,Braviary,Normal,Flying,Unova,2
628,629,Vullaby,Dark,Flying,Unova,1
629,630,Mandibuzz,Dark,Flying,Unova,2
630,631,Heatmor,Fire,,Unova,1
631,632,Durant,Bug,Steel,Unova,1
632,633,Deino,Dark,Dragon,Unova,1
633,634,Zweilous,Dark,Dragon,Unova,2
634,635,Hydreigon,Dark,Dragon,Unova,3
635,636,Larvesta,Bug,Fire,Unova,1
636,637,Volcarona,Bug,Fire,Unova,2
637,638,Cobalion,Steel,Fighting,Unova,1
638,639,Terrakion,Rock,Fighting,Unova,1
639,640,Virizion,Grass,Fighting,Unova,1
640,641,Tornadus,Flying,,Unova,1
641,642,Thundurus,Electric,Flying,Unova,1
642,643,Reshiram,Dragon,Fire,Unova,1
643,644,Zekrom,Dragon,Electric,Unova,1
644,645,Landorus,Ground,Flying,Unova,1
645,646,Kyurem,Dragon,Ice,Unova,1
646,647,Keldeo,Water,Fighting,Unova,1
647,648,Meloetta,Normal,Psychic,Unova,1
648,649,Genesect,Bug,Steel,Unova,1
649,650,Chespin,Grass,,Kalos,1
650,651,Quilladin,Grass,,Kalos,2
651,652,Chesnaught,Grass,Fighting,Kalos,3
652,653,Fennekin,Fire,,Kalos,1
653,654,Braixen,Fire,,Kalos,2
654,655,Delphox,Fire,Psychic,Kalos,3
655,656,Froakie,Water,,Kalos,1
656,657,Frogadier,Water,,Kalos,2
657,658,Greninja,Water,Dark,Kalos,3
658,659,Bunnelby,Normal,,Kalos,1
659,660,Diggersby,Normal,Ground,Kalos,2
660,661,Fletchling,Normal,Flying,Kalos,1
661,662,Fletchinder,Fire,Flying,Kalos,2
662,663,Talonflame,Fire,Flying,Kalos,3
663,664,Scatterbug,Bug,,Kalos,1
664,665,Spewpa,Bug,,Kalos,2
665,666,Vivillon,Bug,Flying,Kalos,1
666,667,Litleo,Fire,Normal,Kalos,1
667,668,Pyroar,Fire,Normal,Kalos,1
668,669,Flabébé,Fairy,,Kalos,1
669,670,Floette,Fairy,,Kalos,2
670,671,Florges,Fairy,,Kalos,1
671,672,Skiddo,Grass,,Kalos,1
672,673,Gogoat,Grass,,Kalos,1
673,674,Pancham,Fighting,,Kalos,1
674,675,Pangoro,Fighting,Dark,Kalos,2
675,676,Furfrou,Normal,,Kalos,1
676,677,Espurr,Psychic,,Kalos,1
677,678,Meowstic,Psychic,,Kalos,1
678,679,Honedge,Steel,Ghost,Kalos,1
679,680,Doublade,Steel,Ghost,Kalos,2
680,681,Aegislash,Steel,Ghost,Kalos,3
681,682,Spritzee,Fairy,,Kalos,1
682,683,Aromatisse,Fairy,,Kalos,1
683,684,Swirlix,Fairy,,Kalos,1
684,685,Slurpuff,Fairy,,Kalos,2
685,686,Inkay,Dark,Psychic,Kalos,1
686,687,Malamar,Dark,Psychic,Kalos,2
687,688,Binacle,Rock,Water,Kalos,1
688,689,Barbaracle,Rock,Water,Kalos,1
689,690,Skrelp,Poison,Water,Kalos,1
690,691,Dragalge,Poison,Dragon,Kalos,1
691,692,Clauncher,Water,,Kalos,1
692,693,Clawitzer,Water,,Kalos,1
693,694,Helioptile,Electric,Normal,Kalos,1
694,695,Heliolisk,Electric,Normal,Kalos,2
695,696,Tyrunt,Rock,Dragon,Kalos,1
696,697,Tyrantrum,Rock,Dragon,Kalos,2
697,698,Amaura,Rock,Ice,Kalos,1
698,699,Aurorus,Rock,Ice,Kalos,2
699,700,Sylveon,Fairy,,Kalos,2
700,701,Hawlucha,Fighting,Flying,Kalos,1
701,702,Dedenne,Electric,Fairy,Kalos,1
702,703,Carbink,Rock,Fairy,Kalos,1
703,704,Goomy,Dragon,,Kalos,1
704,705,Sliggoo,Dragon,,Kalos,2
705,706,Goodra,Dragon,,Kalos,3
706,707,Klefki,Steel,Fairy,Kalos,1
707,708,Phantump,Ghost,Grass,Kalos,1
708,709,Trevenant,Ghost,Grass,Kalos,1
709,710,Pumpkaboo,Ghost,Grass,Kalos,1
710,711,Gourgeist,Ghost,Grass,Kalos,1
711,712,Bergmite,Ice,,Kalos,1
712,713,Avalugg,Ice,,Kalos,1
713,714,Noibat,Flying,Dragon,Kalos,1
714,715,Noivern,Flying,Dragon,Kalos,2
715,716,Xerneas,Fairy,,Kalos,1
716,717,Yveltal,Dark,Flying,Kalos,1
717,718,Zygarde,Dragon,Ground,Kalos,1
718,719,Diancie,Rock,Fairy,Kalos,1
719,720,Hoopa,Psychic,Ghost,Kalos,1
720,721,Volcanion,Fire,Water,Kalos,1
721,722,Rowlet,Grass,Flying,Alola,1
722,723,Dartrix,Grass,Flying,Alola,2
723,724,Decidueye,Grass,Ghost,Alola,3
724,725,Litten,Fire,,Alola,1
725,726,Torracat,Fire,,Alola,2
726,727,Incineroar,Fire,Dark,Alola,3
727,728,Popplio,Water,,Alola,1
728,729,Brionne,Water,,Alola,2
729,730,Primarina,Water,Fairy,Alola,3
730,731,Pikipek,Normal,Flying,Alola,1
731,732,Trumbeak,Normal,Flying,Alola,2
732,733,Toucannon,Normal,Flying,Alola,3
733,734,Yungoos,Normal,,Alola,1
734,735,Gumshoos,Normal,,Alola,2
735,736,Grubbin,Bug,,Alola,1
736,737,Charjabug,Bug,Electric,Alola,2
737,738,Vikavolt,Bug,Electric,Alola,3
738,739,Crabrawler,Fighting,,Alola,1
739,740,Crabominable,Fighting,Ice,Alola,2
740,741,Oricorio,Fire,Flying,Alola,1
741,742,Cutiefly,Bug,Fairy,Alola,1
742,743,Ribombee,Bug,Fairy,Alola,2
743,744,Rockruff,Rock,,Alola,1
744,745,Lycanroc,Rock,,Alola,2
745,746,Wishiwashi,Water,,Alola,1
746,747,Mareanie,Poison,Water,Alola,1
747,748,Toxapex,Poison,Water,Alola,2
748,749,Mudbray,Ground,,Alola,1
749,750,Mudsdale,Ground,,Alola,2
750,751,Dewpider,Water,Bug,Alola,1
751,752,Araquanid,Water,Bug,Alola,2
752,753,Fomantis,Grass,,Alola,1
753,754,Lurantis,Grass,,Alola,1
754,755,Morelull,Grass,Fairy,Alola,1
755,756,Shiinotic,Grass,Fairy,Alola,1
756,757,Salandit,Poison,Fire,Alola,1
757,758,Salazzle,Poison,Fire,Alola,2
758,759,Stufful,Normal,Fighting,Alola,1
759,760,Bewear,Normal,Fighting,Alola,2
760,761,Bounsweet,Grass,,Alola,1
761,762,Steenee,Grass,,Alola,2
762,763,Tsareena,Grass,,Alola,3
763,764,Comfey,Fairy,,Alola,1
764,765,Oranguru,Normal,Psychic,Alola,1
765,766,Passimian,Fighting,,Alola,1
766,767,Wimpod,Bug,Water,Alola,1
767,768,Golisopod,Bug,Water,Alola,2
768,769,Sandygast,Ghost,Ground,Alola,1
769,770,Palossand,Ghost,Ground,Alola,2
770,771,Pyukumuku,Water,,Alola,1
771,772,Type: Null,Normal,,Alola,1
772,773,Silvally,Normal,,Alola,2
773,774,Minior,Rock,Flying,Alola,1
774,775,Komala,Normal,,Alola,1
775,776,Turtonator,Fire,Dragon,Alola,1
776,777,Togedemaru,Electric,Steel,Alola,1
777,778,Mimikyu,Ghost,Fairy,Alola,1
778,779,Bruxish,Water,Psychic,Alola,1
779,780,Drampa,Normal,Dragon,Alola,1
780,781,Dhelmise,Ghost,Grass,Alola,1
781,782,Jangmo-o,Dragon,,Alola,1
782,783,Hakamo-o,Dragon,Fighting,Alola,2
783,784,Kommo-o,Dragon,Fighting,Alola,3
784,785,Tapu Koko,Electric,Fairy,Alola,1
785,786,Tapu Lele,Psychic,Fairy,Alola,1
786,787,Tapu Bulu,Grass,Fairy,Alola,1
787,788,Tapu Fini,Water,Fairy,Alola,1
788,789,Cosmog,Psychic,,Alola,1
789,790,Cosmoem,Psychic,,Alola,2
790,791,Solgaleo,Psychic,Steel,Alola,3
791,792,Lunala,Psychic,Ghost,Alola,3
792,793,Nihilego,Rock,Poison,Alola,1
793,794,Buzzwole,Bug,Fighting,Alola,1
794,795,Pheromosa,Bug,Fighting,Alola,1
795,796,Xurkitree,Electric,,Alola,1
796,797,Celesteela,Steel,Flying,Alola,1
797,798,Kartana,Grass,Steel,Alola,1
798,799,Guzzlord,Dark,Dragon,Alola,1
799,800,Necrozma,Psychic,,Alola,1
800,801,Magearna,Steel,Fairy,Alola,1
801,802,Marshadow,Fighting,Ghost,Alola,1
802,803,Poipole,Poison,,Alola,1
803,804,Naganadel,Poison,Dragon,Alola,2
804,805,Stakataka,Rock,Steel,Alola,1
805,806,Blacephalon,Fire,Ghost,Alola,1
806,807,Zeraora,Electric,,Alola,1
807,808,Meltan,Steel,,Unknown,1
808,809,Melmetal,Steel,,Unknown,2
809,810,Grookey,Grass,,Galar,1
810,811,Thwackey,Grass,,Galar,2
811,812,Rillaboom,Grass,,Galar,3
812,813,Scorbunny,Fire,,Galar,1
813,814,Raboot,Fire,,Galar,2
814,815,Cinderace,Fire,,Galar,3
815,816,Sobble,Water,,Galar,1
816,817,Drizzile,Water,,Galar,2
817,818,Inteleon,Water,,Galar,3
818,819,Skwovet,Normal,,Galar,1
819,820,Greedent,Normal,,Galar,2
820,821,Rookidee,Flying,,Galar,1
821,822,Corvisquire,Flying,,Galar,2
822,823,Corviknight,Flying,Steel,Galar,3
823,824,Blipbug,Bug,,Galar,1
824,825,Dottler,Bug,Psychic,Galar,2
825,826,Orbeetle,Bug,Psychic,Galar,3
826,827,Nickit,Dark,,Galar,1
827,828,Thievul,Dark,,Galar,2
828,829,Gossifleur,Grass,,Galar,1
829,830,Eldegoss,Grass,,Galar,2
830,831,Wooloo,Normal,,Galar,1
831,832,Dubwool,Normal,,Galar,2
832,833,Chewtle,Water,,Galar,1
833,834,Drednaw,Water,Rock,Galar,2
834,835,Yamper,Electric,,Galar,1
835,836,Boltund,Electric,,Galar,2
836,837,Rolycoly,Rock,,Galar,1
837,838,Carkol,Rock,Fire,Galar,2
838,839,Coalossal,Rock,Fire,Galar,3
839,840,Applin,Grass,Dragon,Galar,1
840,841,Flapple,Grass,Dragon,Galar,2
841,842,Appletun,Grass,Dragon,Galar,2
842,843,Silicobra,Ground,,Galar,1
843,844,Sandaconda,Ground,,Galar,2
844,845,Cramorant,Flying,Water,Galar,1
845,846,Arrokuda,Water,,Galar,1
846,847,Barraskewda,Water,,Galar,2
847,848,Toxel,Electric,Poison,Galar,1
848,849,Toxtricity,Electric,Poison,Galar,1
849,850,Sizzlipede,Fire,Bug,Galar,1
850,851,Centiskorch,Fire,Bug,Galar,2
851,852,Clobbopus,Fighting,,Galar,1
852,853,Grapploct,Fighting,,Galar,2
853,854,Sinistea,Ghost,,Galar,1
854,855,Polteageist,Ghost,,Galar,2
855,856,Hatenna,Psychic,,Galar,1
856,857,Hattrem,Psychic,,Galar,2
857,858,Hatterene,Psychic,Fairy,Galar,3
858,859,Impidimp,Dark,Fairy,Galar,1
859,860,Morgrem,Dark,Fairy,Galar,2
860,861,Grimmsnarl,Dark,Fairy,Galar,3
861,862,Obstagoon,Dark,Normal,Galar,3
862,863,Perrserker,Steel,,Galar,1
863,864,Cursola,Ghost,,Galar,1
864,865,Sirfetch'd,Fighting,,Galar,1
865,866,Mr. Rime,Ice,Psychic,Galar,3
866,867,Runerigus,Ground,Ghost,Galar,1
867,868,Milcery,Fairy,,Galar,1
868,869,Alcremie,Fairy,,Galar,2
869,870,Falinks,Fighting,,Galar,1
870,871,Pincurchin,Electric,,Galar,1
871,872,Snom,Ice,Bug,Galar,1
872,873,Frosmoth,Ice,Bug,Galar,2
873,874,Stonjourner,Rock,,Galar,1
874,875,Eiscue,Ice,,Galar,1
875,876,Indeedee,Psychic,Normal,Galar,1
876,877,Morpeko,Electric,Dark,Galar,1
877,878,Cufant,Steel,,Galar,1
878,879,Copperajah,Steel,,Galar,2
879,880,Dracozolt,Electric,Dragon,Galar,1
880,881,Arctozolt,Electric,Ice,Galar,1
881,882,Dracovish,Water,Dragon,Galar,1
882,883,Arctovish,Water,Ice,Galar,1
883,884,Duraludon,Steel,Dragon,Galar,1
884,885,Dreepy,Dragon,Ghost,Galar,1
885,886,Drakloak,Dragon,Ghost,Galar,2
886,887,Dragapult,Dragon,Ghost,Galar,3
887,888,Zacian,Fairy,,Galar,1
888,889,Zamazenta,Fighting,,Galar,1
889,890,Eternatus,Poison,Dragon,Galar,1
890,891,Kubfu,Fighting,,Galar,1
891,892,Urshifu,Fighting,Dark,Galar,2
892,893,Zarude,Dark,Grass,Galar,1
893,894,Regieleki,Electric,,Galar,1
894,895,Regidrago,Dragon,,Galar,1
895,896,Glastrier,Ice,,Galar,1
896,897,Spectrier,Ghost,,Galar,1
897,898,Calyrex,Psychic,Grass,Galar,1
898,899,Wyrdeer,Normal,Psychic,Hisui,1
899,900,Kleavor,Bug,Rock,Hisui,1
900,901,Ursaluna,Ground,Normal,Hisui,3
901,902,Basculegion,Water,Ghost,Hisui,1
902,903,Sneasler,Fighting,Poison,Hisui,1
903,904,Overqwil,Dark,Poison,Hisui,1
904,905,Enamorus,Fairy,Flying,Hisui,1
905,906,Sprigatito,Grass,,Paldea,1
906,907,Floragato,Grass,,Paldea,2
907,908,Meowscarada,Grass,Dark,Paldea,3
908,909,Fuecoco,Fire,,Paldea,1
909,910,Crocalor,Fire,,Paldea,2
910,911,Skeledirge,Fire,Ghost,Paldea,3
911,912,Quaxly,Water,,Paldea,1
912,913,Quaxwell,Water,,Paldea,2
913,914,Quaquaval,Water,Fighting,Paldea,3
914,915,Lechonk,Normal,,Paldea,1
915,916,Oinkologne,Normal,,Paldea,2
916,917,Tarountula,Bug,,Paldea,1
917,918,Spidops,Bug,,Paldea,2
918,919,Nymble,Bug,,Paldea,1
919,920,Lokix,Bug,Dark,Paldea,2
920,921,Pawmi,Electric,,Paldea,1
921,922,Pawmo,Electric,Fighting,Paldea,2
922,923,Pawmot,Electric,Fighting,Paldea,3
923,924,Tandemaus,Normal,,Paldea,1
924,925,Maushold,Normal,,Paldea,2
925,926,Fidough,Fairy,,Paldea,1
926,927,Dachsbun,Fairy,,Paldea,2
927,928,Smoliv,Grass,Normal,Paldea,1
928,929,Dolliv,Grass,Normal,Paldea,2
929,930,Arboliva,Grass,Normal,Paldea,3
930,931,Squawkabilly,Normal,Flying,Paldea,1
931,932,Nacli,Rock,,Paldea,1
932,933,Naclstack,Rock,,Paldea,2
933,934,Garganacl,Rock,,Paldea,3
934,935,Charcadet,Fire,,Paldea,1
935,936,Armarouge,Fire,Psychic,Paldea,2
936,937,Ceruledge,Fire,Ghost,Paldea,2
937,938,Tadbulb,Electric,,Paldea,1
938,939,Bellibolt,Electric,,Paldea,2
939,940,Wattrel,Electric,Flying,Paldea,1
940,941,Kilowattrel,Electric,Flying,Paldea,2
941,942,Maschiff,Dark,,Paldea,1
942,943,Mabosstiff,Dark,,Paldea,2
943,944,Shroodle,Poison,Normal,Paldea,1
944,945,Grafaiai,Poison,Normal,Paldea,2
945,946,Bramblin,Grass,Ghost,Paldea,1
946,947,Brambleghast,Grass,Ghost,Paldea,1
947,948,Toedscool,Ground,Grass,Paldea,1
948,949,Toedscruel,Ground,Grass,Paldea,2
949,950,Klawf,Rock,,Paldea,1
950,951,Capsakid,Grass,,Paldea,1
951,952,Scovillain,Grass,Fire,Paldea,2
952,953,Rellor,Bug,,Paldea,1
953,954,Rabsca,Bug,Psychic,Paldea,2
954,955,Flittle,Psychic,,Paldea,1
955,956,Espathra,Psychic,,Paldea,1
956,957,Tinkatink,Fairy,Steel,Paldea,1
957,958,Tinkatuff,Fairy,Steel,Paldea,2
958,959,Tinkaton,Fairy,Steel,Paldea,3
959,960,Wiglett,Water,,Paldea,1
960,961,Wugtrio,Water,,Paldea,2
961,962,Bombirdier,Flying,Dark,Paldea,1
962,963,Finizen,Water,,Paldea,1
963,964,Palafin,Water,,Paldea,2
964,965,Varoom,Steel,Poison,Paldea,1
965,966,Revavroom,Steel,Poison,Paldea,2
966,967,Cyclizar,Dragon,Normal,Paldea,1
967,968,Orthworm,Steel,,Paldea,1
968,969,Glimmet,Rock,Poison,Paldea,1
969,970,Glimmora,Rock,Poison,Paldea,2
970,971,Greavard,Ghost,,Paldea,1
971,972,Houndstone,Ghost,,Paldea,2
972,973,Flamigo,Flying,Fighting,Paldea,1
973,974,Cetoddle,Ice,,Paldea,1
974,975,Cetitan,Ice,,Paldea,2
975,976,Veluza,Water,Psychic,Paldea,1
976,977,Dondozo,Water,,Paldea,1
977,978,Tatsugiri,Dragon,Water,Paldea,1
978,979,Annihilape,Fighting,Ghost,Paldea,3
979,980,Clodsire,Poison,Ground,Paldea,1
980,981,Farigiraf,Normal,Psychic,Paldea,1
981,982,Dudunsparce,Normal,,Paldea,1
982,983,Kingambit,Dark,Steel,Paldea,3
983,984,Great Tusk,Ground,Fighting,Paldea,1
984,985,Scream Tail,Fairy,Psychic,Paldea,1
985,986,Brute Bonnet,Grass,Dark,Paldea,1
986,987,Flutter Mane,Ghost,Fairy,Paldea,1
987,988,Slither Wing,Bug,Fighting,Paldea,1
988,989,Sandy Shocks,Electric,Ground,Paldea,1
989,990,Iron Treads,Ground,Steel,Paldea,1
990,991,Iron Bundle,Ice,Water,Paldea,1
991,992,Iron Hands,Fighting,Electric,Paldea,1
992,993,Iron Jugulis,Dark,Flying,Paldea,1
993,994,Iron Moth,Fire,Poison,Paldea,1
994,995,Iron Thorns,Rock,Electric,Paldea,1
995,996,Frigibax,Dragon,Ice,Paldea,1
996,997,Arctibax,Dragon,Ice,Paldea,2
997,998,Baxcalibur,Dragon,Ice,Paldea,3
998,999,Gimmighoul,Ghost,,Paldea,1
999,1000,Gholdengo,Steel,Ghost,Paldea,2
1000,1001,Wo-Chien,Dark,Grass,Paldea,1
1001,1002,Chien-Pao,Dark,Ice,Paldea,1
1002,1003,Ting-Lu,Dark,Ground,Paldea,1
1003,1004,Chi-Yu,Dark,Fire,Paldea,1
1004,1005,Roaring Moon,Dragon,Dark,Paldea,1
1005,1006,Iron Valiant,Fairy,Fighting,Paldea,1
1006,1007,Koraidon,Fighting,Dragon,Paldea,1
1007,1008,Miraidon,Electric,Dragon,Paldea,1
1008,1009,Walking Wake,Water,Dragon,Paldea,1
1009,1010,Iron Leaves,Grass,Psychic,Paldea,1
1010,1011,Dipplin,Grass,Dragon,Paldea,2
1011,1012,Poltchageist,Grass,Ghost,Paldea,1
1012,1013,Sinistcha,Grass,Ghost,Paldea,2
1013,1014,Okidogi,Poison,Fighting,Paldea,1
1014,1015,Munkidori,Poison,Psychic,Paldea,1
1015,1016,Fezandipiti,Poison,Fairy,Paldea,1
1016,1017,Ogerpon,Grass,,Paldea,1
1017,1018,Archaludon,Steel,Dragon,Paldea,2
1018,1019,Hydrapple,Grass,Dragon,Paldea,3
1019,1020,Gouging Fire,Fire,Dragon,Paldea,1
1020,1021,Raging Bolt,Electric,Dragon,Paldea,1
1021,1022,Iron Boulder,Rock,Psychic,Paldea,1
1022,1023,Iron Crown,Steel,Psychic,Paldea,1
1023,1024,Terapagos,Normal,,Paldea,1
1024,1025,Pecharunt,Poison,Ghost,Paldea,1
