,number,name,type1,type2,region
0,1,Bulbasaur,Grass,Poison,kanto
1,2,Ivysaur,Grass,Poison,kanto
2,3,Venusaur,Grass,Poison,kanto
3,4,Charmander,Fire,,kanto
4,5,Charmeleon,Fire,,kanto
5,6,Charizard,Fire,Flying,kanto
6,7,Squirtle,Water,,kanto
7,8,Wartortle,Water,,kanto
8,9,Blastoise,Water,,kanto
9,10,Caterpie,Bug,,kanto
10,11,Metapod,Bug,,kanto
11,12,Butterfree,Bug,Flying,kanto
12,13,Weedle,Bug,Poison,kanto
13,14,Kakuna,Bug,Poison,kanto
14,15,Beedrill,Bug,Poison,kanto
15,16,Pidgey,Normal,Flying,kanto
16,17,Pidgeotto,Normal,Flying,kanto
17,18,Pidgeot,Normal,Flying,kanto
18,19,Rattata,Normal,,kanto
19,20,Raticate,Normal,,kanto
20,21,Spearow,Normal,Flying,kanto
21,22,Fearow,Normal,Flying,kanto
22,23,Ekans,Poison,,kanto
23,24,Arbok,Poison,,kanto
24,25,Pikachu,Electric,,kanto
25,26,Raichu,Electric,,kanto
26,27,Sandshrew,Ground,,kanto
27,28,Sandslash,Ground,,kanto
28,29,Nidoran♀,Poison,,kanto
29,30,Nidorina,Poison,,kanto
30,31,Nidoqueen,Poison,Ground,kanto
31,32,Nidoran♂,Poison,,kanto
32,33,Nidorino,Poison,,kanto
33,34,Nidoking,Poison,Ground,kanto
34,35,Clefairy,Fairy,,kanto
35,36,Clefable,Fairy,,kanto
36,37,Vulpix,Fire,,kanto
37,38,Ninetales,Fire,,kanto
38,39,Jigglypuff,Normal,Fairy,kanto
39,40,Wigglytuff,Normal,Fairy,kanto
40,41,Zubat,Poison,Flying,kanto
41,42,Golbat,Poison,Flying,kanto
42,43,Oddish,Grass,Poison,kanto
43,44,Gloom,Grass,Poison,kanto
44,45,Vileplume,Grass,Poison,kanto
45,46,Paras,Bug,Grass,kanto
46,47,Parasect,Bug,Grass,kanto
47,48,Venonat,Bug,Poison,kanto
48,49,Venomoth,Bug,Poison,kanto
49,50,Diglett,Ground,,kanto
50,51,Dugtrio,Ground,,kanto
51,52,Meowth,Normal,,kanto
52,53,Persian,Normal,,kanto
53,54,Psyduck,Water,,kanto
54,55,Golduck,Water,,kanto
55,56,Mankey,Fighting,,kanto
56,57,Primeape,Fighting,,kanto
57,58,Growlithe,Fire,,kanto
58,59,Arcanine,Fire,,kanto
59,60,Poliwag,Water,,kanto
60,61,Poliwhirl,Water,,kanto
61,62,Poliwrath,Water,Fighting,kanto
62,63,Abra,Psychic,,kanto
63,64,Kadabra,Psychic,,kanto
64,65,Alakazam,Psychic,,kanto
65,66,Machop,Fighting,,kanto
66,67,Machoke,Fighting,,kanto
67,68,Machamp,Fighting,,kanto
68,69,Bellsprout,Grass,Poison,kanto
69,70,Weepinbell,Grass,Poison,kanto
70,71,Victreebel,Grass,Poison,kanto
71,72,Tentacool,Water,Poison,kanto
72,73,Tentacruel,Water,Poison,kanto
73,74,Geodude,Rock,Ground,kanto
74,75,Graveler,Rock,Ground,kanto
75,76,Golem,Rock,Ground,kanto
76,77,Ponyta,Fire,,kanto
77,78,Rapidash,Fire,,kanto
78,79,Slowpoke,Water,Psychic,kanto
79,80,Slowbro,Water,Psychic,kanto
80,81,Magnemite,Electric,Steel,kanto
81,82,Magneton,Electric,Steel,kanto
82,83,Farfetch'd,Normal,Flying,kanto
83,84,Doduo,Normal,Flying,kanto
84,85,Dodrio,Normal,Flying,kanto
85,86,Seel,Water,,kanto
86,87,Dewgong,Water,Ice,kanto
87,88,Grimer,Poison,,kanto
88,89,Muk,Poison,,kanto
89,90,Shellder,Water,,kanto
90,91,Cloyster,Water,Ice,kanto
91,92,Gastly,Ghost,Poison,kanto
92,93,Haunter,Ghost,Poison,kanto
93,94,Gengar,Ghost,Poison,kanto
94,95,Onix,Rock,Ground,kanto
95,96,Drowzee,Psychic,,kanto
96,97,Hypno,Psychic,,kanto
97,98,Krabby,Water,,kanto
98,99,Kingler,Water,,kanto
99,100,Voltorb,Electric,,kanto
100,101,Electrode,Electric,,kanto
101,102,Exeggcute,Grass,Psychic,kanto
102,103,Exeggutor,Grass,Psychic,kanto
103,104,Cubone,Ground,,kanto
104,105,Marowak,Ground,,kanto
105,106,Hitmonlee,Fighting,,kanto
106,107,Hitmonchan,Fighting,,kanto
107,108,Lickitung,Normal,,kanto
108,109,Koffing,Poison,,kanto
109,110,Weezing,Poison,,kanto
110,111,Rhyhorn,Ground,Rock,kanto
111,112,Rhydon,Ground,Rock,kanto
112,113,Chansey,Normal,,kanto
113,114,Tangela,Grass,,kanto
114,115,Kangaskhan,Normal,,kanto
115,116,Horsea,Water,,kanto
116,117,Seadra,Water,,kanto
117,118,Goldeen,Water,,kanto
118,119,Seaking,Water,,kanto
119,120,Staryu,Water,,kanto
120,121,Starmie,Water,Psychic,kanto
121,122,Mr. Mime,Psychic,Fairy,kanto
122,123,Scyther,Bug,Flying,kanto
123,124,Jynx,Ice,Psychic,kanto
124,125,Electabuzz,Electric,,kanto
125,126,Magmar,Fire,,kanto
126,127,Pinsir,Bug,,kanto
127,128,Tauros,Normal,,kanto
128,129,Magikarp,Water,,kanto
129,130,Gyarados,Water,Flying,kanto
130,131,Lapras,Water,Ice,kanto
131,132,Ditto,Normal,,kanto
132,133,Eevee,Normal,,kanto
133,134,Vaporeon,Water,,kanto
134,135,Jolteon,Electric,,kanto
135,136,Flareon,Fire,,kanto
136,137,Porygon,Normal,,kanto
137,138,Omanyte,Rock,Water,kanto
138,139,Omastar,Rock,Water,kanto
139,140,Kabuto,Rock,Water,kanto
140,141,Kabutops,Rock,Water,kanto
141,142,Aerodactyl,Rock,Flying,kanto
142,143,Snorlax,Normal,,kanto
143,144,Articuno,Ice,Flying,kanto
144,145,Zapdos,Electric,Flying,kanto
145,146,Moltres,Fire,Flying,kanto
146,147,Dratini,Dragon,,kanto
147,148,Dragonair,Dragon,,kanto
148,149,Dragonite,Dragon,Flying,kanto
149,150,Mewtwo,Psychic,,kanto
150,151,Mew,Psychic,,kanto
151,152,Chikorita,Grass,,jotho
152,153,Bayleef,Grass,,jotho
153,154,Meganium,Grass,,jotho
154,155,Cyndaquil,Fire,,jotho
155,156,Quilava,Fire,,jotho
156,157,Typhlosion,Fire,,jotho
157,158,Totodile,Water,,jotho
158,159,Croconaw,Water,,jotho
159,160,Feraligatr,Water,,jotho
160,161,Sentret,Normal,,jotho
161,162,Furret,Normal,,jotho
162,163,Hoothoot,Normal,Flying,jotho
163,164,Noctowl,Normal,Flying,jotho
164,165,Ledyba,Bug,Flying,jotho
165,166,Ledian,Bug,Flying,jotho
166,167,Spinarak,Bug,Poison,jotho
167,168,Ariados,Bug,Poison,jotho
168,169,Crobat,Poison,Flying,jotho
169,170,Chinchou,Water,Electric,jotho
170,171,Lanturn,Water,Electric,jotho
171,172,Pichu,Electric,,jotho
172,173,Cleffa,Fairy,,jotho
173,174,Igglybuff,Normal,Fairy,jotho
174,175,Togepi,Fairy,,jotho
175,176,Togetic,Fairy,Flying,jotho
176,177,Natu,Psychic,Flying,jotho
177,178,Xatu,Psychic,Flying,jotho
178,179,Mareep,Electric,,jotho
179,180,Flaaffy,Electric,,jotho
180,181,Ampharos,Electric,,jotho
181,182,Bellossom,Grass,,jotho
182,183,Marill,Water,Fairy,jotho
183,184,Azumarill,Water,Fairy,jotho
184,185,Sudowoodo,Rock,,jotho
185,186,Politoed,Water,,jotho
186,187,Hoppip,Grass,Flying,jotho
187,188,Skiploom,Grass,Flying,jotho
188,189,Jumpluff,Grass,Flying,jotho
189,190,Aipom,Normal,,jotho
190,191,Sunkern,Grass,,jotho
191,192,Sunflora,Grass,,jotho
192,193,Yanma,Bug,Flying,jotho
193,194,Wooper,Water,Ground,jotho
194,195,Quagsire,Water,Ground,jotho
195,196,Espeon,Psychic,,jotho
196,197,Umbreon,Dark,,jotho
197,198,Murkrow,Dark,Flying,jotho
198,199,Slowking,Water,Psychic,jotho
199,200,Misdreavus,Ghost,,jotho
200,201,Unown,Psychic,,jotho
201,202,Wobbuffet,Psychic,,jotho
202,203,Girafarig,Normal,Psychic,jotho
203,204,Pineco,Bug,,jotho
204,205,Forretress,Bug,Steel,jotho
205,206,Dunsparce,Normal,,jotho
206,207,Gligar,Ground,Flying,jotho
207,208,Steelix,Steel,Ground,jotho
208,209,Snubbull,Fairy,,jotho
209,210,Granbull,Fairy,,jotho
210,211,Qwilfish,Water,Poison,jotho
211,212,Scizor,Bug,Steel,jotho
212,213,Shuckle,Bug,Rock,jotho
213,214,Heracross,Bug,Fighting,jotho
214,215,Sneasel,Dark,Ice,jotho
215,216,Teddiursa,Normal,,jotho
216,217,Ursaring,Normal,,jotho
217,218,Slugma,Fire,,jotho
218,219,Magcargo,Fire,Rock,jotho
219,220,Swinub,Ice,Ground,jotho
220,221,Piloswine,Ice,Ground,jotho
221,222,Corsola,Water,Rock,jotho
222,223,Remoraid,Water,,jotho
223,224,Octillery,Water,,jotho
224,225,Delibird,Ice,Flying,jotho
225,226,Mantine,Water,Flying,jotho
226,227,Skarmory,Steel,Flying,jotho
227,228,Houndour,Dark,Fire,jotho
228,229,Houndoom,Dark,Fire,jotho
229,230,Kingdra,Water,Dragon,jotho
230,231,Phanpy,Ground,,jotho
231,232,Donphan,Ground,,jotho
232,233,Porygon2,Normal,,jotho
233,234,Stantler,Normal,,jotho
234,235,Smeargle,Normal,,jotho
235,236,Tyrogue,Fighting,,jotho
236,237,Hitmontop,Fighting,,jotho
237,238,Smoochum,Ice,Psychic,jotho
238,239,Elekid,Electric,,jotho
239,240,Magby,Fire,,jotho
240,241,Miltank,Normal,,jotho
241,242,Blissey,Normal,,jotho
242,243,Raikou,Electric,,jotho
243,244,Entei,Fire,,jotho
244,245,Suicune,Water,,jotho
245,246,Larvitar,Rock,Ground,jotho
246,247,Pupitar,Rock,Ground,jotho
247,248,Tyranitar,Rock,Dark,jotho
248,249,Lugia,Psychic,Flying,jotho
249,250,Ho-oh,Fire,Flying,jotho
250,251,Celebi,Psychic,Grass,jotho
251,252,Treecko,Grass,,hoenn
252,253,Grovyle,Grass,,hoenn
253,254,Sceptile,Grass,,hoenn
254,255,Torchic,Fire,,hoenn
255,256,Combusken,Fire,Fighting,hoenn
256,257,Blaziken,Fire,Fighting,hoenn
257,258,Mudkip,Water,,hoenn
258,259,Marshtomp,Water,Ground,hoenn
259,260,Swampert,Water,Ground,hoenn
260,261,Poochyena,Dark,,hoenn
261,262,Mightyena,Dark,,hoenn
262,263,Zigzagoon,Normal,,hoenn
263,264,Linoone,Normal,,hoenn
264,265,Wurmple,Bug,,hoenn
265,266,Silcoon,Bug,,hoenn
266,267,Beautifly,Bug,Flying,hoenn
267,268,Cascoon,Bug,,hoenn
268,269,Dustox,Bug,Poison,hoenn
269,270,Lotad,Water,Grass,hoenn
270,271,Lombre,Water,Grass,hoenn
271,272,Ludicolo,Water,Grass,hoenn
272,273,Seedot,Grass,,hoenn
273,274,Nuzleaf,Grass,Dark,hoenn
274,275,Shiftry,Grass,Dark,hoenn
275,276,Taillow,Normal,Flying,hoenn
276,277,Swellow,Normal,Flying,hoenn
277,278,Wingull,Water,Flying,hoenn
278,279,Pelipper,Water,Flying,hoenn
279,280,Ralts,Psychic,Fairy,hoenn
280,281,Kirlia,Psychic,Fairy,hoenn
281,282,Gardevoir,Psychic,Fairy,hoenn
282,283,Surskit,Bug,Water,hoenn
283,284,Masquerain,Bug,Flying,hoenn
284,285,Shroomish,Grass,,hoenn
285,286,Breloom,Grass,Fighting,hoenn
286,287,Slakoth,Normal,,hoenn
287,288,Vigoroth,Normal,,hoenn
288,289,Slaking,Normal,,hoenn
289,290,Nincada,Bug,Ground,hoenn
290,291,Ninjask,Bug,Flying,hoenn
291,292,Shedinja,Bug,Ghost,hoenn
292,293,Whismur,Normal,,hoenn
293,294,Loudred,Normal,,hoenn
294,295,Exploud,Normal,,hoenn
295,296,Makuhita,Fighting,,hoenn
296,297,Hariyama,Fighting,,hoenn
297,298,Azurill,Normal,Fairy,hoenn
298,299,Nosepass,Rock,,hoenn
299,300,Skitty,Normal,,hoenn
300,301,Delcatty,Normal,,hoenn
301,302,Sableye,Dark,Ghost,hoenn
302,303,Mawile,Steel,Fairy,hoenn
303,304,Aron,Steel,Rock,hoenn
304,305,Lairon,Steel,Rock,hoenn
305,306,Aggron,Steel,Rock,hoenn
306,307,Meditite,Fighting,Psychic,hoenn
307,308,Medicham,Fighting,Psychic,hoenn
308,309,Electrike,Electric,,hoenn
309,310,Manectric,Electric,,hoenn
310,311,Plusle,Electric,,hoenn
311,312,Minun,Electric,,hoenn
312,313,Volbeat,Bug,,hoenn
313,314,Illumise,Bug,,hoenn
314,315,Roselia,Grass,Poison,hoenn
315,316,Gulpin,Poison,,hoenn
316,317,Swalot,Poison,,hoenn
317,318,Carvanha,Water,Dark,hoenn
318,319,Sharpedo,Water,Dark,hoenn
319,320,Wailmer,Water,,hoenn
320,321,Wailord,Water,,hoenn
321,322,Numel,Fire,Ground,hoenn
322,323,Camerupt,Fire,Ground,hoenn
323,324,Torkoal,Fire,,hoenn
324,325,Spoink,Psychic,,hoenn
325,326,Grumpig,Psychic,,hoenn
326,327,Spinda,Normal,,hoenn
327,328,Trapinch,Ground,,hoenn
328,329,Vibrava,Ground,Dragon,hoenn
329,330,Flygon,Ground,Dragon,hoenn
330,331,Cacnea,Grass,,hoenn
331,332,Cacturne,Grass,Dark,hoenn
332,333,Swablu,Normal,Flying,hoenn
333,334,Altaria,Dragon,Flying,hoenn
334,335,Zangoose,Normal,,hoenn
335,336,Seviper,Poison,,hoenn
336,337,Lunatone,Rock,Psychic,hoenn
337,338,Solrock,Rock,Psychic,hoenn
338,339,Barboach,Water,Ground,hoenn
339,340,Whiscash,Water,Ground,hoenn
340,341,Corphish,Water,,hoenn
341,342,Crawdaunt,Water,Dark,hoenn
342,343,Baltoy,Ground,Psychic,hoenn
343,344,Claydol,Ground,Psychic,hoenn
344,345,Lileep,Rock,Grass,hoenn
345,346,Cradily,Rock,Grass,hoenn
346,347,Anorith,Rock,Bug,hoenn
347,348,Armaldo,Rock,Bug,hoenn
348,349,Feebas,Water,,hoenn
349,350,Milotic,Water,,hoenn
350,351,Castform,Normal,,hoenn
351,352,Kecleon,Normal,,hoenn
352,353,Shuppet,Ghost,,hoenn
353,354,Banette,Ghost,,hoenn
354,355,Duskull,Ghost,,hoenn
355,356,Dusclops,Ghost,,hoenn
356,357,Tropius,Grass,Flying,hoenn
357,358,Chimecho,Psychic,,hoenn
358,359,Absol,Dark,,hoenn
359,360,Wynaut,Psychic,,hoenn
360,361,Snorunt,Ice,,hoenn
361,362,Glalie,Ice,,hoenn
362,363,Spheal,Ice,Water,hoenn
363,364,Sealeo,Ice,Water,hoenn
364,365,Walrein,Ice,Water,hoenn
365,366,Clamperl,Water,,hoenn
366,367,Huntail,Water,,hoenn
367,368,Gorebyss,Water,,hoenn
368,369,Relicanth,Water,Rock,hoenn
369,370,Luvdisc,Water,,hoenn
370,371,Bagon,Dragon,,hoenn
371,372,Shelgon,Dragon,,hoenn
372,373,Salamence,Dragon,Flying,hoenn
373,374,Beldum,Steel,Psychic,hoenn
374,375,Metang,Steel,Psychic,hoenn
375,376,Metagross,Steel,Psychic,hoenn
376,377,Regirock,Rock,,hoenn
377,378,Regice,Ice,,hoenn
378,379,Registeel,Steel,,hoenn
379,380,Latias,Dragon,Psychic,hoenn
380,381,Latios,Dragon,Psychic,hoenn
381,382,Kyogre,Water,,hoenn
382,383,Groudon,Ground,,hoenn
383,384,Rayquaza,Dragon,Flying,hoenn
384,385,Jirachi,Steel,Psychic,hoenn
385,386,Deoxys,Psychic,,hoenn
386,387,Turtwig,Grass,,sinnoh
387,388,Grotle,Grass,,sinnoh
388,389,Torterra,Grass,Ground,sinnoh
389,390,Chimchar,Fire,,sinnoh
390,391,Monferno,Fire,Fighting,sinnoh
391,392,Infernape,Fire,Fighting,sinnoh
392,393,Piplup,Water,,sinnoh
393,394,Prinplup,Water,,sinnoh
394,395,Empoleon,Water,Steel,sinnoh
395,396,Starly,Normal,Flying,sinnoh
396,397,Staravia,Normal,Flying,sinnoh
397,398,Staraptor,Normal,Flying,sinnoh
398,399,Bidoof,Normal,,sinnoh
399,400,Bibarel,Normal,Water,sinnoh
400,401,Kricketot,Bug,,sinnoh
401,402,Kricketune,Bug,,sinnoh
402,403,Shinx,Electric,,sinnoh
403,404,Luxio,Electric,,sinnoh
404,405,Luxray,Electric,,sinnoh
405,406,Budew,Grass,Poison,sinnoh
406,407,Roserade,Grass,Poison,sinnoh
407,408,Cranidos,Rock,,sinnoh
408,409,Rampardos,Rock,,sinnoh
409,410,Shieldon,Rock,Steel,sinnoh
410,411,Bastiodon,Rock,Steel,sinnoh
411,412,Burmy,Bug,,sinnoh
412,413,Wormadam,Bug,Grass,sinnoh
413,414,Mothim,Bug,Flying,sinnoh
414,415,Combee,Bug,Flying,sinnoh
415,416,Vespiquen,Bug,Flying,sinnoh
416,417,Pachirisu,Electric,,sinnoh
417,418,Buizel,Water,,sinnoh
418,419,Floatzel,Water,,sinnoh
419,420,Cherubi,Grass,,sinnoh
420,421,Cherrim,Grass,,sinnoh
421,422,Shellos,Water,,sinnoh
422,423,Gastrodon,Water,Ground,sinnoh
423,424,Ambipom,Normal,,sinnoh
424,425,Drifloon,Ghost,Flying,sinnoh
425,426,Drifblim,Ghost,Flying,sinnoh
426,427,Buneary,Normal,,sinnoh
427,428,Lopunny,Normal,,sinnoh
428,429,Mismagius,Ghost,,sinnoh
429,430,Honchkrow,Dark,Flying,sinnoh
430,431,Glameow,Normal,,sinnoh
431,432,Purugly,Normal,,sinnoh
432,433,Chingling,Psychic,,sinnoh
433,434,Stunky,Poison,Dark,sinnoh
434,435,Skuntank,Poison,Dark,sinnoh
435,436,Bronzor,Steel,Psychic,sinnoh
436,437,Bronzong,Steel,Psychic,sinnoh
437,438,Bonsly,Rock,,sinnoh
438,439,Mime Jr.,Psychic,Fairy,sinnoh
439,440,Happiny,Normal,,sinnoh
440,441,Chatot,Normal,Flying,sinnoh
441,442,Spiritomb,Ghost,Dark,sinnoh
442,443,Gible,Dragon,Ground,sinnoh
443,444,Gabite,Dragon,Ground,sinnoh
444,445,Garchomp,Dragon,Ground,sinnoh
445,446,Munchlax,Normal,,sinnoh
446,447,Riolu,Fighting,,sinnoh
447,448,Lucario,Fighting,Steel,sinnoh
448,449,Hippopotas,Ground,,sinnoh
449,450,Hippowdon,Ground,,sinnoh
450,451,Skorupi,Poison,Bug,sinnoh
451,452,Drapion,Poison,Dark,sinnoh
452,453,Croagunk,Poison,Fighting,sinnoh
453,454,Toxicroak,Poison,Fighting,sinnoh
454,455,Carnivine,Grass,,sinnoh
455,456,Finneon,Water,,sinnoh
456,457,Lumineon,Water,,sinnoh
457,458,Mantyke,Water,Flying,sinnoh
458,459,Snover,Grass,Ice,sinnoh
459,460,Abomasnow,Grass,Ice,sinnoh
460,461,Weavile,Dark,Ice,sinnoh
461,462,Magnezone,Electric,Steel,sinnoh
462,463,Lickilicky,Normal,,sinnoh
463,464,Rhyperior,Ground,Rock,sinnoh
464,465,Tangrowth,Grass,,sinnoh
465,466,Electivire,Electric,,sinnoh
466,467,Magmortar,Fire,,sinnoh
467,468,Togekiss,Fairy,Flying,sinnoh
468,469,Yanmega,Bug,Flying,sinnoh
469,470,Leafeon,Grass,,sinnoh
470,471,Glaceon,Ice,,sinnoh
471,472,Gliscor,Ground,Flying,sinnoh
472,473,Mamoswine,Ice,Ground,sinnoh
473,474,Porygon-Z,Normal,,sinnoh
474,475,Gallade,Psychic,Fighting,sinnoh
475,476,Probopass,Rock,Steel,sinnoh
476,477,Dusknoir,Ghost,,sinnoh
477,478,Froslass,Ice,Ghost,sinnoh
478,479,Rotom,Electric,Ghost,sinnoh
479,480,Uxie,Psychic,,sinnoh
480,481,Mesprit,Psychic,,sinnoh
481,482,Azelf,Psychic,,sinnoh
482,483,Dialga,Steel,Dragon,sinnoh
483,484,Palkia,Water,Dragon,sinnoh
484,485,Heatran,Fire,Steel,sinnoh
485,486,Regigigas,Normal,,sinnoh
486,487,Giratina,Ghost,Dragon,sinnoh
487,488,Cresselia,Psychic,,sinnoh
488,489,Phione,Water,,sinnoh
489,490,Manaphy,Water,,sinnoh
490,491,Darkrai,Dark,,sinnoh
491,492,Shaymin,Grass,,sinnoh
492,493,Arceus,Normal,,sinnoh
493,494,Victini,Psychic,Fire,unova
494,495,Snivy,Grass,,unova
495,496,Servine,Grass,,unova
496,497,Serperior,Grass,,unova
497,498,Tepig,Fire,,unova
498,499,Pignite,Fire,Fighting,unova
499,500,Emboar,Fire,Fighting,unova
500,501,Oshawott,Water,,unova
501,502,Dewott,Water,,unova
502,503,Samurott,Water,,unova
503,504,Patrat,Normal,,unova
504,505,Watchog,Normal,,unova
505,506,Lillipup,Normal,,unova
506,507,Herdier,Normal,,unova
507,508,Stoutland,Normal,,unova
508,509,Purrloin,Dark,,unova
509,510,Liepard,Dark,,unova
510,511,Pansage,Grass,,unova
511,512,Simisage,Grass,,unova
512,513,Pansear,Fire,,unova
513,514,Simisear,Fire,,unova
514,515,Panpour,Water,,unova
515,516,Simipour,Water,,unova
516,517,Munna,Psychic,,unova
517,518,Musharna,Psychic,,unova
518,519,Pidove,Normal,Flying,unova
519,520,Tranquill,Normal,Flying,unova
520,521,Unfezant,Normal,Flying,unova
521,522,Blitzle,Electric,,unova
522,523,Zebstrika,Electric,,unova
523,524,Roggenrola,Rock,,unova
524,525,Boldore,Rock,,unova
525,526,Gigalith,Rock,,unova
526,527,Woobat,Psychic,Flying,unova
527,528,Swoobat,Psychic,Flying,unova
528,529,Drilbur,Ground,,unova
529,530,Excadrill,Ground,Steel,unova
530,531,Audino,Normal,,unova
531,532,Timburr,Fighting,,unova
532,533,Gurdurr,Fighting,,unova
533,534,Conkeldurr,Fighting,,unova
534,535,Tympole,Water,,unova
535,536,Palpitoad,Water,Ground,unova
536,537,Seismitoad,Water,Ground,unova
537,538,Throh,Fighting,,unova
538,539,Sawk,Fighting,,unova
539,540,Sewaddle,Bug,Grass,unova
540,541,Swadloon,Bug,Grass,unova
541,542,Leavanny,Bug,Grass,unova
542,543,Venipede,Bug,Poison,unova
543,544,Whirlipede,Bug,Poison,unova
544,545,Scolipede,Bug,Poison,unova
545,546,Cottonee,Grass,Fairy,unova
546,547,Whimsicott,Grass,Fairy,unova
547,548,Petilil,Grass,,unova
548,549,Lilligant,Grass,,unova
549,550,Basculin,Water,,unova
550,551,Sandile,Ground,Dark,unova
551,552,Krokorok,Ground,Dark,unova
552,553,Krookodile,Ground,Dark,unova
553,554,Darumaka,Fire,,unova
554,555,Darmanitan,Fire,,unova
555,556,Maractus,Grass,,unova
556,557,Dwebble,Bug,Rock,unova
557,558,Crustle,Bug,Rock,unova
558,559,Scraggy,Dark,Fighting,unova
559,560,Scrafty,Dark,Fighting,unova
560,561,Sigilyph,Psychic,Flying,unova
561,562,Yamask,Ghost,,unova
562,563,Cofagrigus,Ghost,,unova
563,564,Tirtouga,Water,Rock,unova
564,565,Carracosta,Water,Rock,unova
565,566,Archen,Rock,Flying,unova
566,567,Archeops,Rock,Flying,unova
567,568,Trubbish,Poison,,unova
568,569,Garbodor,Poison,,unova
569,570,Zorua,Dark,,unova
570,571,Zoroark,Dark,,unova
571,572,Minccino,Normal,,unova
572,573,Cinccino,Normal,,unova
573,574,Gothita,Psychic,,unova
574,575,Gothorita,Psychic,,unova
575,576,Gothitelle,Psychic,,unova
576,577,Solosis,Psychic,,unova
577,578,Duosion,Psychic,,unova
578,579,Reuniclus,Psychic,,unova
579,580,Ducklett,Water,Flying,unova
580,581,Swanna,Water,Flying,unova
581,582,Vanillite,Ice,,unova
582,583,Vanillish,Ice,,unova
583,584,Vanilluxe,Ice,,unova
584,585,Deerling,Normal,Grass,unova
585,586,Sawsbuck,Normal,Grass,unova
586,587,Emolga,Electric,Flying,unova
587,588,Karrablast,Bug,,unova
588,589,Escavalier,Bug,Steel,unova
589,590,Foongus,Grass,Poison,unova
590,591,Amoonguss,Grass,Poison,unova
591,592,Frillish,Water,Ghost,unova
592,593,Jellicent,Water,Ghost,unova
593,594,Alomomola,Water,,unova
594,595,Joltik,Bug,Electric,unova
595,596,Galvantula,Bug,Electric,unova
596,597,Ferroseed,Grass,Steel,unova
597,598,Ferrothorn,Grass,Steel,unova
598,599,Klink,Steel,,unova
599,600,Klang,Steel,,unova
600,601,Klinklang,Steel,,unova
601,602,Tynamo,Electric,,unova
602,603,Eelektrik,Electric,,unova
603,604,Eelektross,Electric,,unova
604,605,Elgyem,Psychic,,unova
605,606,Beheeyem,Psychic,,unova
606,607,Litwick,Ghost,Fire,unova
607,608,Lampent,Ghost,Fire,unova
608,609,Chandelure,Ghost,Fire,unova
609,610,Axew,Dragon,,unova
610,611,Fraxure,Dragon,,unova
611,612,Haxorus,Dragon,,unova
612,613,Cubchoo,Ice,,unova
613,614,Beartic,Ice,,unova
614,615,Cryogonal,Ice,,unova
615,616,Shelmet,Bug,,unova
616,617,Accelgor,Bug,,unova
617,618,Stunfisk,Ground,Electric,unova
618,619,Mienfoo,Fighting,,unova
619,620,Mienshao,Fighting,,unova
620,621,Druddigon,Dragon,,unova
621,622,Golett,Ground,Ghost,unova
622,623,Golurk,Ground,Ghost,unova
623,624,Pawniard,Dark,Steel,unova
624,625,Bisharp,Dark,Steel,unova
625,626,Bouffalant,Normal,,unova
626,627,Rufflet,Normal,Flying,unova
627,628,Braviary,Normal,Flying,unova
628,629,Vullaby,Dark,Flying,unova
629,630,Mandibuzz,Dark,Flying,unova
630,631,Heatmor,Fire,,unova
631,632,Durant,Bug,Steel,unova
632,633,Deino,Dark,Dragon,unova
633,634,Zweilous,Dark,Dragon,unova
634,635,Hydreigon,Dark,Dragon,unova
635,636,Larvesta,Bug,Fire,unova
636,637,Volcarona,Bug,Fire,unova
637,638,Cobalion,Steel,Fighting,unova
638,639,Terrakion,Rock,Fighting,unova
639,640,Virizion,Grass,Fighting,unova
640,641,Tornadus,Flying,,unova
641,642,Thundurus,Electric,Flying,unova
642,643,Reshiram,Dragon,Fire,unova
643,644,Zekrom,Dragon,Electric,unova
644,645,Landorus,Ground,Flying,unova
645,646,Kyurem,Dragon,Ice,unova
646,647,Keldeo,Water,Fighting,unova
647,648,Meloetta,Normal,Psychic,unova
648,649,Genesect,Bug,Steel,unova
649,650,Chespin,Grass,,kalos
650,651,Quilladin,Grass,,kalos
651,652,Chesnaught,Grass,Fighting,kalos
652,653,Fennekin,Fire,,kalos
653,654,Braixen,Fire,,kalos
654,655,Delphox,Fire,Psychic,kalos
655,656,Froakie,Water,,kalos
656,657,Frogadier,Water,,kalos
657,658,Greninja,Water,Dark,kalos
658,659,Bunnelby,Normal,,kalos
659,660,Diggersby,Normal,Ground,kalos
660,661,Fletchling,Normal,Flying,kalos
661,662,Fletchinder,Fire,Flying,kalos
662,663,Talonflame,Fire,Flying,kalos
663,664,Scatterbug,Bug,,kalos
664,665,Spewpa,Bug,,kalos
665,666,Vivillon,Bug,Flying,kalos
666,667,Litleo,Fire,Normal,kalos
667,668,Pyroar,Fire,Normal,kalos
668,669,Flabébé,Fairy,,kalos
669,670,Floette,Fairy,,kalos
670,671,Florges,Fairy,,kalos
671,672,Skiddo,Grass,,kalos
672,673,Gogoat,Grass,,kalos
673,674,Pancham,Fighting,,kalos
674,675,Pangoro,Fighting,Dark,kalos
675,676,Furfrou,Normal,,kalos
676,677,Espurr,Psychic,,kalos
677,678,Meowstic,Psychic,,kalos
678,679,Honedge,Steel,Ghost,kalos
679,680,Doublade,Steel,Ghost,kalos
680,681,Aegislash,Steel,Ghost,kalos
681,682,Spritzee,Fairy,,kalos
682,683,Aromatisse,Fairy,,kalos
683,684,Swirlix,Fairy,,kalos
684,685,Slurpuff,Fairy,,kalos
685,686,Inkay,Dark,Psychic,kalos
686,687,Malamar,Dark,Psychic,kalos
687,688,Binacle,Rock,Water,kalos
688,689,Barbaracle,Rock,Water,kalos
689,690,Skrelp,Poison,Water,kalos
690,691,Dragalge,Poison,Dragon,kalos
691,692,Clauncher,Water,,kalos
692,693,Clawitzer,Water,,kalos
693,694,Helioptile,Electric,Normal,kalos
694,695,Heliolisk,Electric,Normal,kalos
695,696,Tyrunt,Rock,Dragon,kalos
696,697,Tyrantrum,Rock,Dragon,kalos
697,698,Amaura,Rock,Ice,kalos
698,699,Aurorus,Rock,Ice,kalos
699,700,Sylveon,Fairy,,kalos
700,701,Hawlucha,Fighting,Flying,kalos
701,702,Dedenne,Electric,Fairy,kalos
702,703,Carbink,Rock,Fairy,kalos
703,704,Goomy,Dragon,,kalos
704,705,Sliggoo,Dragon,,kalos
705,706,Goodra,Dragon,,kalos
706,707,Klefki,Steel,Fairy,kalos
707,708,Phantump,Ghost,Grass,kalos
708,709,Trevenant,Ghost,Grass,kalos
709,710,Pumpkaboo,Ghost,Grass,kalos
710,711,Gourgeist,Ghost,Grass,kalos
711,712,Bergmite,Ice,,kalos
712,713,Avalugg,Ice,,kalos
713,714,Noibat,Flying,Dragon,kalos
714,715,Noivern,Flying,Dragon,kalos
715,716,Xerneas,Fairy,,kalos
716,717,Yveltal,Dark,Flying,kalos
717,718,Zygarde,Dragon,Ground,kalos
718,719,Diancie,Rock,Fairy,kalos
719,720,Hoopa,Psychic,Ghost,kalos
720,721,Volcanion,Fire,Water,kalos
721,722,Rowlet,Grass,Flying,alola
722,723,Dartrix,Grass,Flying,alola
723,724,Decidueye,Grass,Ghost,alola
724,725,Litten,Fire,,alola
725,726,Torracat,Fire,,alola
726,727,Incineroar,Fire,Dark,alola
727,728,Popplio,Water,,alola
728,729,Brionne,Water,,alola
729,730,Primarina,Water,Fairy,alola
730,731,Pikipek,Normal,Flying,alola
731,732,Trumbeak,Normal,Flying,alola
732,733,Toucannon,Normal,Flying,alola
733,734,Yungoos,Normal,,alola
734,735,Gumshoos,Normal,,alola
735,736,Grubbin,Bug,,alola
736,737,Charjabug,Bug,Electric,alola
737,738,Vikavolt,Bug,Electric,alola
738,739,Crabrawler,Fighting,,alola
739,740,Crabominable,Fighting,Ice,alola
740,741,Oricorio,Fire,Flying,alola
741,742,Cutiefly,Bug,Fairy,alola
742,743,Ribombee,Bug,Fairy,alola
743,744,Rockruff,Rock,,alola
744,745,Lycanroc,Rock,,alola
745,746,Wishiwashi,Water,,alola
746,747,Mareanie,Poison,Water,alola
747,748,Toxapex,Poison,Water,alola
748,749,Mudbray,Ground,,alola
749,750,Mudsdale,Ground,,alola
750,751,Dewpider,Water,Bug,alola
751,752,Araquanid,Water,Bug,alola
752,753,Fomantis,Grass,,alola
753,754,Lurantis,Grass,,alola
754,755,Morelull,Grass,Fairy,alola
755,756,Shiinotic,Grass,Fairy,alola
756,757,Salandit,Poison,Fire,alola
757,758,Salazzle,Poison,Fire,alola
758,759,Stufful,Normal,Fighting,alola
759,760,Bewear,Normal,Fighting,alola
760,761,Bounsweet,Grass,,alola
761,762,Steenee,Grass,,alola
762,763,Tsareena,Grass,,alola
763,764,Comfey,Fairy,,alola
764,765,Oranguru,Normal,Psychic,alola
765,766,Passimian,Fighting,,alola
766,767,Wimpod,Bug,Water,alola
767,768,Golisopod,Bug,Water,alola
768,769,Sandygast,Ghost,Ground,alola
769,770,Palossand,Ghost,Ground,alola
770,771,Pyukumuku,Water,,alola
771,772,Type: Null,Normal,,alola
772,773,Silvally,Normal,,alola
773,774,Minior,Rock,Flying,alola
774,775,Komala,Normal,,alola
775,776,Turtonator,Fire,Dragon,alola
776,777,Togedemaru,Electric,Steel,alola
777,778,Mimikyu,Ghost,Fairy,alola
778,779,Bruxish,Water,Psychic,alola
779,780,Drampa,Normal,Dragon,alola
780,781,Dhelmise,Ghost,Grass,alola
781,782,Jangmo-o,Dragon,,alola
782,783,Hakamo-o,Dragon,Fighting,alola
783,784,Kommo-o,Dragon,Fighting,alola
784,785,Tapu Koko,Electric,Fairy,alola
785,786,Tapu Lele,Psychic,Fairy,alola
786,787,Tapu Bulu,Grass,Fairy,alola
787,788,Tapu Fini,Water,Fairy,alola
788,789,Cosmog,Psychic,,alola
789,790,Cosmoem,Psychic,,alola
790,791,Solgaleo,Psychic,Steel,alola
791,792,Lunala,Psychic,Ghost,alola
792,793,Nihilego,Rock,Poison,alola
793,794,Buzzwole,Bug,Fighting,alola
794,795,Pheromosa,Bug,Fighting,alola
795,796,Xurkitree,Electric,,alola
796,797,Celesteela,Steel,Flying,alola
797,798,Kartana,Grass,Steel,alola
798,799,Guzzlord,Dark,Dragon,alola
799,800,Necrozma,Psychic,,alola
800,801,Magearna,Steel,Fairy,alola
801,802,Marshadow,Fighting,Ghost,alola
802,803,Poipole,Poison,,alola
803,804,Naganadel,Poison,Dragon,alola
804,805,Stakataka,Rock,Steel,alola
805,806,Blacephalon,Fire,Ghost,alola
806,807,Zeraora,Electric,,alola
807,808,Meltan,Steel,,unknown
808,809,Melmetal,Steel,,unknown
809,810,Grookey,Grass,,galar
810,811,Thwackey,Grass,,galar
811,812,Rillaboom,Grass,,galar
812,813,Scorbunny,Fire,,galar
813,814,Raboot,Fire,,galar
814,815,Cinderace,Fire,,galar
815,816,Sobble,Water,,galar
816,817,Drizzile,Water,,galar
817,818,Inteleon,Water,,galar
818,819,Skwovet,Normal,,galar
819,820,Greedent,Normal,,galar
820,821,Rookidee,Flying,,galar
821,822,Corvisquire,Flying,,galar
822,823,Corviknight,Flying,Steel,galar
823,824,Blipbug,Bug,,galar
824,825,Dottler,Bug,Psychic,galar
825,826,Orbeetle,Bug,Psychic,galar
826,827,Nickit,Dark,,galar
827,828,Thievul,Dark,,galar
828,829,Gossifleur,Grass,,galar
829,830,Eldegoss,Grass,,galar
830,831,Wooloo,Normal,,galar
831,832,Dubwool,Normal,,galar
832,833,Chewtle,Water,,galar
833,834,Drednaw,Water,Rock,galar
834,835,Yamper,Electric,,galar
835,836,Boltund,Electric,,galar
836,837,Rolycoly,Rock,,galar
837,838,Carkol,Rock,Fire,galar
838,839,Coalossal,Rock,Fire,galar
839,840,Applin,Grass,Dragon,galar
840,841,Flapple,Grass,Dragon,galar
841,842,Appletun,Grass,Dragon,galar
842,843,Silicobra,Ground,,galar
843,844,Sandaconda,Ground,,galar
844,845,Cramorant,Flying,Water,galar
845,846,Arrokuda,Water,,galar
846,847,Barraskewda,Water,,galar
847,848,Toxel,Electric,Poison,galar
848,849,Toxtricity,Electric,Poison,galar
849,850,Sizzlipede,Fire,Bug,galar
850,851,Centiskorch,Fire,Bug,galar
851,852,Clobbopus,Fighting,,galar
852,853,Grapploct,Fighting,,galar
853,854,Sinistea,Ghost,,galar
854,855,Polteageist,Ghost,,galar
855,856,Hatenna,Psychic,,galar
856,857,Hattrem,Psychic,,galar
857,858,Hatterene,Psychic,Fairy,galar
858,859,Impidimp,Dark,Fairy,galar
859,860,Morgrem,Dark,Fairy,galar
860,861,Grimmsnarl,Dark,Fairy,galar
861,862,Obstagoon,Dark,Normal,galar
862,863,Perrserker,Steel,,galar
863,864,Cursola,Ghost,,galar
864,865,Sirfetch'd,Fighting,,galar
865,866,Mr. Rime,Ice,Psychic,galar
866,867,Runerigus,Ground,Ghost,galar
867,868,Milcery,Fairy,,galar
868,869,Alcremie,Fairy,,galar
869,870,Falinks,Fighting,,galar
870,871,Pincurchin,Electric,,galar
871,872,Snom,Ice,Bug,galar
872,873,Frosmoth,Ice,Bug,galar
873,874,Stonjourner,Rock,,galar
874,875,Eiscue,Ice,,galar
875,876,Indeedee,Psychic,Normal,galar
876,877,Morpeko,Electric,Dark,galar
877,878,Cufant,Steel,,galar
878,879,Copperajah,Steel,,galar
879,880,Dracozolt,Electric,Dragon,galar
880,881,Arctozolt,Electric,Ice,galar
881,882,Dracovish,Water,Dragon,galar
882,883,Arctovish,Water,Ice,galar
883,884,Duraludon,Steel,Dragon,galar
884,885,Dreepy,Dragon,Ghost,galar
885,886,Drakloak,Dragon,Ghost,galar
886,887,Dragapult,Dragon,Ghost,galar
887,888,Zacian,Fairy,,galar
888,889,Zamazenta,Fighting,,galar
889,890,Eternatus,Poison,Dragon,galar
890,891,Kubfu,Fighting,,galar
891,892,Urshifu,Fighting,Dark,galar
892,893,Zarude,Dark,Grass,galar
893,894,Regieleki,Electric,,galar
894,895,Regidrago,Dragon,,galar
895,896,Glastrier,Ice,,galar
896,897,Spectrier,Ghost,,galar
897,898,Calyrex,Psychic,Grass,galar
898,899,Wyrdeer,Normal,Psychic,hisui
899,900,Kleavor,Bug,Rock,hisui
900,901,Ursaluna,Ground,Normal,hisui
901,902,Basculegion,Water,Ghost,hisui
902,903,Sneasler,Fighting,Poison,hisui
903,904,Overqwil,Dark,Poison,hisui
904,905,Enamorus,Fairy,Flying,hisui
905,906,Sprigatito,Grass,,paldea
906,907,Floragato,Grass,,paldea
907,908,Meowscarada,Grass,Dark,paldea
908,909,Fuecoco,Fire,,paldea
909,910,Crocalor,Fire,,paldea
910,911,Skeledirge,Fire,Ghost,paldea
911,912,Quaxly,Water,,paldea
912,913,Quaxwell,Water,,paldea
913,914,Quaquaval,Water,Fighting,paldea
914,915,Lechonk,Normal,,paldea
915,916,Oinkologne,Normal,,paldea
916,917,Tarountula,Bug,,paldea
917,918,Spidops,Bug,,paldea
918,919,Nymble,Bug,,paldea
919,920,Lokix,Bug,Dark,paldea
920,921,Pawmi,Electric,,paldea
921,922,Pawmo,Electric,Fighting,paldea
922,923,Pawmot,Electric,Fighting,paldea
923,924,Tandemaus,Normal,,paldea
924,925,Maushold,Normal,,paldea
925,926,Fidough,Fairy,,paldea
926,927,Dachsbun,Fairy,,paldea
927,928,Smoliv,Grass,Normal,paldea
928,929,Dolliv,Grass,Normal,paldea
929,930,Arboliva,Grass,Normal,paldea
930,931,Squawkabilly,Normal,Flying,paldea
931,932,Nacli,Rock,,paldea
932,933,Naclstack,Rock,,paldea
933,934,Garganacl,Rock,,paldea
934,935,Charcadet,Fire,,paldea
935,936,Armarouge,Fire,Psychic,paldea
936,937,Ceruledge,Fire,Ghost,paldea
937,938,Tadbulb,Electric,,paldea
938,939,Bellibolt,Electric,,paldea
939,940,Wattrel,Electric,Flying,paldea
940,941,Kilowattrel,Electric,Flying,paldea
941,942,Maschiff,Dark,,paldea
942,943,Mabosstiff,Dark,,paldea
943,944,Shroodle,Poison,Normal,paldea
944,945,Grafaiai,Poison,Normal,paldea
945,946,Bramblin,Grass,Ghost,paldea
946,947,Brambleghast,Grass,Ghost,paldea
947,948,Toedscool,Ground,Grass,paldea
948,949,Toedscruel,Ground,Grass,paldea
949,950,Klawf,Rock,,paldea
950,951,Capsakid,Grass,,paldea
951,952,Scovillain,Grass,Fire,paldea
952,953,Rellor,Bug,,paldea
953,954,Rabsca,Bug,Psychic,paldea
954,955,Flittle,Psychic,,paldea
955,956,Espathra,Psychic,,paldea
956,957,Tinkatink,Fairy,Steel,paldea
957,958,Tinkatuff,Fairy,Steel,paldea
958,959,Tinkaton,Fairy,Steel,paldea
959,960,Wiglett,Water,,paldea
960,961,Wugtrio,Water,,paldea
961,962,Bombirdier,Flying,Dark,paldea
962,963,Finizen,Water,,paldea
963,964,Palafin,Water,,paldea
964,965,Varoom,Steel,Poison,paldea
965,966,Revavroom,Steel,Poison,paldea
966,967,Cyclizar,Dragon,Normal,paldea
967,968,Orthworm,Steel,,paldea
968,969,Glimmet,Rock,Poison,paldea
969,970,Glimmora,Rock,Poison,paldea
970,971,Greavard,Ghost,,paldea
971,972,Houndstone,Ghost,,paldea
972,973,Flamigo,Flying,Fighting,paldea
973,974,Cetoddle,Ice,,paldea
974,975,Cetitan,Ice,,paldea
975,976,Veluza,Water,Psychic,paldea
976,977,Dondozo,Water,,paldea
977,978,Tatsugiri,Dragon,Water,paldea
978,979,Annihilape,Fighting,Ghost,paldea
979,980,Clodsire,Poison,Ground,paldea
980,981,Farigiraf,Normal,Psychic,paldea
981,982,Dudunsparce,Normal,,paldea
982,983,Kingambit,Dark,Steel,paldea
983,984,Great Tusk,Ground,Fighting,paldea
984,985,Scream Tail,Fairy,Psychic,paldea
985,986,Brute Bonnet,Grass,Dark,paldea
986,987,Flutter Mane,Ghost,Fairy,paldea
987,988,Slither Wing,Bug,Fighting,paldea
988,989,Sandy Shocks,Electric,Ground,paldea
989,990,Iron Treads,Ground,Steel,paldea
990,991,Iron Bundle,Ice,Water,paldea
991,992,Iron Hands,Fighting,Electric,paldea
992,993,Iron Jugulis,Dark,Flying,paldea
993,994,Iron Moth,Fire,Poison,paldea
994,995,Iron Thorns,Rock,Electric,paldea
995,996,Frigibax,Dragon,Ice,paldea
996,997,Arctibax,Dragon,Ice,paldea
997,998,Baxcalibur,Dragon,Ice,paldea
998,999,Gimmighoul,Ghost,,paldea
999,1000,Gholdengo,Steel,Ghost,paldea
1000,1001,Wo-Chien,Dark,Grass,paldea
1001,1002,Chien-Pao,Dark,Ice,paldea
1002,1003,Ting-Lu,Dark,Ground,paldea
1003,1004,Chi-Yu,Dark,Fire,paldea
1004,1005,Roaring Moon,Dragon,Dark,paldea
1005,1006,Iron Valiant,Fairy,Fighting,paldea
1006,1007,Koraidon,Fighting,Dragon,paldea
1007,1008,Miraidon,Electric,Dragon,paldea
1008,1009,Walking Wake,Water,Dragon,paldea
1009,1010,Iron Leaves,Grass,Psychic,paldea
1010,1011,Dipplin,Grass,Dragon,paldea
1011,1012,Poltchageist,Grass,Ghost,paldea
1012,1013,Sinistcha,Grass,Ghost,paldea
1013,1014,Okidogi,Poison,Fighting,paldea
1014,1015,Munkidori,Poison,Psychic,paldea
1015,1016,Fezandipiti,Poison,Fairy,paldea
1016,1017,Ogerpon,Grass,,paldea
1017,1018,Archaludon,Steel,Dragon,paldea
1018,1019,Hydrapple,Grass,Dragon,paldea
1019,1020,Gouging Fire,Fire,Dragon,paldea
1020,1021,Raging Bolt,Electric,Dragon,paldea
1021,1022,Iron Boulder,Rock,Psychic,paldea
1022,1023,Iron Crown,Steel,Psychic,paldea
1023,1024,Terapagos,Normal,,paldea
1024,1025,Pecharunt,Poison,Ghost,paldea
